Compound ID,ESOL predicted log solubility in mols per litre,Minimum Degree,Molecular Weight,Number of H-Bond Donors,Number of Rings,Number of Rotatable Bonds,Polar Surface Area
Amigdalin,-0.9740000000000001,1,457.4320000000001,7,3,7,202.31999999999996,-0.77
Fenfuram,-2.885,1,201.22500000000002,1,2,2,42.24,-3.3
citral,-2.5789999999999997,1,152.237,0,0,4,17.07,-2.06
Picene,-6.617999999999999,2,278.354,0,5,0,0.0,-7.87
Thiophene,-2.2319999999999998,2,84.14299999999999,0,1,0,0.0,-1.33
benzothiazole,-2.733,2,135.191,0,2,0,12.89,-1.5
"2,2,4,6,6'-PCB",-6.545,1,326.437,0,2,1,0.0,-7.32
Estradiol,-4.138,1,272.388,2,4,0,40.46,-5.03
Dieldrin,-4.533,1,380.913,0,5,0,12.53,-6.29
Rotenone,-5.246,1,394.42300000000023,0,5,3,63.22,-4.42
2-pyrrolidone,0.243,1,85.10600000000001,1,1,0,29.1,1.07
2-Chloronapthalene,-4.063,1,162.61899999999997,0,2,0,0.0,-4.14
1-Pentene ,-2.01,1,70.135,0,0,2,0.0,-2.68
Primidone,-1.8969999999999998,1,218.256,2,2,2,58.2,-2.64
Tetradecane,-5.45,1,198.39399999999995,0,0,11,0.0,-7.96
2-Chloropropane,-1.585,1,78.542,0,0,0,0.0,-1.41
2-Methylbutanol,-1.0270000000000001,1,88.14999999999999,1,0,2,20.23,-0.47
Benzonitrile,-2.03,1,103.12399999999997,0,1,0,23.79,-1.0
Diazinon,-3.989,1,304.35200000000003,0,1,7,53.47,-3.64
2-Undecanol,-3.096,1,172.312,1,0,8,20.23,-2.94
"2,2',3,4,6-PCB",-6.627000000000001,1,326.437,0,2,1,0.0,-7.43
Lenacil,-3.355,1,234.29899999999995,1,3,1,54.86,-4.593999999999999
Phorate,-3.747,1,260.38599999999997,0,0,8,18.46,-4.11
Phenacetin,-2.342,1,179.219,1,1,3,38.33,-2.35
Dinitramine,-4.479,1,322.243,1,1,5,115.54000000000002,-5.47
1-Heptanol,-1.751,1,116.204,1,0,5,20.23,-1.81
Theophylline,-1.452,1,180.16699999999997,1,2,0,72.68,-1.39
Butethal,-1.974,1,212.249,2,1,4,75.27000000000001,-1.661
"P,P'-DDE",-6.553,1,318.0300000000001,0,2,2,0.0,-6.9
Methyl octanoate,-2.608,1,158.24099999999999,0,0,6,26.3,-3.17
"1,4-Diethylbenzene ",-3.633,1,134.22199999999998,0,1,2,0.0,-3.75
Terbufos,-4.367,1,288.44,0,0,7,18.46,-4.755
Phenmedipham,-4.229,1,300.314,2,2,3,76.66,-4.805
"1,1-Dichloroethylene",-1.939,1,96.94399999999999,0,0,0,0.0,-1.64
1-Methylfluorene,-4.478,1,180.25000000000003,0,3,0,0.0,-5.22
Valeraldehyde,-1.103,1,86.13399999999999,0,0,3,17.07,-0.85
Diphenylamine,-3.8569999999999998,2,169.227,1,2,2,12.03,-3.5039999999999996
Fenothiocarb,-3.2969999999999997,1,253.367,0,1,6,29.540000000000003,-3.927
Piperophos,-4.637,1,353.4900000000001,0,1,9,38.77,-4.15
1-Iodoheptane,-3.904,1,226.101,0,0,5,0.0,-4.81
3-Chlorobiphenyl,-4.685,1,188.657,0,2,1,0.0,-4.88
4-Pentene-1-ol,-0.7909999999999999,1,86.134,1,0,3,20.23,-0.15
Cyclobutyl-5-spirobarbituric acid,-0.527,1,168.15200000000002,2,2,0,75.27,-1.655
menthol,-2.782,1,156.269,1,1,1,20.23,-2.53
Isopropyl formate,-0.684,1,88.106,0,0,2,26.3,-0.63
2-Heptanol ,-1.6780000000000002,1,116.20399999999998,1,0,4,20.23,-1.55
p-Bromoacetanilide,-3.012,1,214.06199999999998,1,1,1,29.1,-3.083
brompyrazone,-3.005,1,266.098,1,2,1,60.910000000000004,-3.127
nifedipine,-4.248,1,346.33900000000017,1,2,4,107.77,-4.76
"2,7-dimethylquinoline",-3.342,1,157.216,0,2,0,12.89,-1.94
1-Octyne ,-2.509,1,110.19999999999999,0,0,4,0.0,-3.66
cyclobarbital,-2.421,1,236.27099999999993,2,2,2,75.27000000000001,-2.17
Chrysene,-5.568,2,228.29399999999998,0,4,0,0.0,-8.057
Bromacil,-3.4189999999999996,1,261.11899999999997,1,1,2,54.86,-2.523
"2,2',3,3',5,6-PCB",-7.185,1,360.88200000000006,0,2,1,0.0,-8.6
2-Methylphenol,-2.281,1,108.13999999999999,1,1,0,20.23,-0.62
"2,2,5-Trimethylhexane",-3.6310000000000002,1,128.259,0,0,2,0.0,-5.05
"1,4-Dimethylnaphthalene ",-4.147,1,156.228,0,2,0,0.0,-4.14
6-Methylchrysene,-5.931,1,242.321,0,4,0,0.0,-6.57
2-Pentanone,-0.846,1,86.13399999999999,0,0,2,17.07,-0.19
"2,2',3,3',5,5',6,6'-PCB",-8.304,1,429.77200000000016,0,2,1,0.0,-9.15
Methyl butyrate,-1.545,1,116.15999999999998,0,0,3,26.3,-0.82
Triamcinolone,-2.734,1,394.43900000000014,4,4,2,115.06000000000002,-3.68
p-Aminophenol,-1.2309999999999999,1,109.12799999999999,2,1,0,46.25,-0.8
Benznidazole,-2.3209999999999997,1,260.253,1,2,5,90.06,-2.81
"Atovaquone(0,430mg/ml) - neutral",-6.269,1,366.84400000000016,1,4,2,54.37,-5.931
Trietazine,-3.233,1,229.71499999999997,1,1,5,53.940000000000005,-4.06
Pyrazinamide,-0.674,1,123.11499999999998,1,1,1,68.87,-0.667
Carbromal,-2.198,1,237.09699999999998,2,0,3,72.19,-2.68
"2,2'-PCB",-4.984,1,223.102,0,2,1,0.0,-5.27
nitrofurantoin,-1.2429999999999999,1,238.15899999999996,1,2,3,118.04999999999998,-3.38
Nitrofen,-5.361000000000001,1,284.09799999999996,0,2,3,52.37,-5.46
Camphor,-2.158,1,152.237,0,2,0,17.07,-1.96
5-Allyl-5-phenylbarbital,-2.36,1,244.25,2,2,3,75.27000000000001,-2.369
Pentyl propanoate,-1.899,1,130.18699999999998,0,0,4,26.3,-2.25
Isopentyl acetate,-1.817,1,130.18699999999998,0,0,3,26.3,-1.92
3-Hexanoyloxymethylphenyltoin,-4.1530000000000005,1,380.444,1,3,8,75.71,-5.886
"2,3',5-PCB",-5.7620000000000005,1,257.547,0,2,1,0.0,-6.01
1-Bromopropane,-1.949,1,122.993,0,0,1,0.0,-1.73
Propiconazole,-4.603,1,342.2260000000001,0,3,5,49.17,-3.4930000000000003
Formothion,-2.0869999999999997,1,257.27299999999997,0,0,6,55.84,-1.995
4-methylpteridine,-1.24,1,146.15299999999996,0,2,0,51.56,-0.466
Thiourea,0.32899999999999996,1,76.12400000000001,2,0,0,52.04,0.32
p-Xylene ,-3.035,1,106.16799999999999,0,1,0,0.0,-2.77
"1,2-Diethylbenzene",-3.6010000000000004,1,134.22199999999998,0,1,2,0.0,-3.28
Hexachloroethane,-4.215,1,236.74,0,0,0,0.0,-3.67
Flucythrinate,-6.877999999999999,1,451.46900000000005,0,3,9,68.55000000000001,-6.876
1-Nitropropane,-0.816,1,89.09399999999998,0,0,2,43.14,-0.8
Menthone,-2.516,1,154.253,0,1,1,17.07,-2.35
RTI 24,-4.423,1,273.723,1,3,1,45.230000000000004,-5.36
"2,3-Dichloronitrobenzene",-3.322,1,192.00100000000003,0,1,1,43.14,-3.48
thiamylal,-3.063,1,254.35500000000002,2,1,5,58.2,-3.46
Fluoranthene,-4.957,2,202.25599999999997,0,4,0,0.0,-6.0
Propylisopropylether,-1.354,1,102.17699999999998,0,0,3,9.23,-1.34
"1,3-Dimethylnaphthalene",-4.147,1,156.22799999999998,0,2,0,0.0,-4.29
diethylstilbestrol,-5.074,1,268.356,2,2,4,40.46,-4.07
Chlorothalonil,-3.995,1,265.914,0,1,0,47.58,-5.64
"2,3',4',5-PCB",-6.312,1,291.992,0,2,1,0.0,-7.25
styrene oxide,-1.8259999999999998,2,120.15099999999995,0,2,1,12.53,-1.6
Isopropylbenzene ,-3.265,1,120.19499999999995,0,1,1,0.0,-3.27
Deoxycorticosterone,-3.9389999999999996,1,330.4680000000001,1,4,2,54.370000000000005,-3.45
chlorquinox,-4.438,1,267.93,0,2,0,25.78,-5.43
L-arabinose,0.601,1,150.13,4,1,0,90.15,0.39
Dichloromethane,-1.156,1,84.93299999999999,0,0,0,0.0,-0.63
1-Ethylnaphthalene ,-4.1,1,156.22799999999998,0,2,1,0.0,-4.17
Methyl formate,-0.048,1,60.05200000000001,0,0,1,26.3,0.58
o-Nitrophenol,-2.318,1,139.10999999999999,1,1,1,63.37,-1.74
thymine,-0.78,1,126.115,2,1,0,65.72,-1.506
2-Methylpropane,-1.891,1,58.123999999999995,0,0,0,0.0,-2.55
Inosine,-0.8340000000000001,1,268.22900000000004,4,3,2,133.75,-1.23
Ioxynil,-4.615,1,370.91499999999996,1,1,0,44.019999999999996,-3.61
Niclosamide,-5.032,1,327.1230000000001,2,2,3,92.47,-4.7
Pentane,-2.261,1,72.151,0,0,2,0.0,-3.18
Phenol,-1.9909999999999999,1,94.11299999999999,1,1,0,20.23,0.0
2-aminoanthracene,-3.7889999999999997,1,193.249,1,3,0,26.02,-5.17
theobromine,-1.05,1,180.16699999999997,1,2,0,72.68,-2.523
Isoquinoline,-2.531,2,129.16199999999998,0,2,0,12.89,-1.45
Anilofos,-5.106,1,367.86,0,1,7,38.77,-4.4319999999999995
Hexylbenzene ,-4.22,1,162.276,0,1,5,0.0,-5.21
2-Chlorobiphenyl,-4.5280000000000005,1,188.657,0,2,1,0.0,-4.54
2-Methyl-1-Pentene,-2.3480000000000003,1,84.16199999999999,0,0,2,0.0,-3.03
"2,3,4-Trimethylpentane",-3.2760000000000002,1,114.23199999999999,0,0,2,0.0,-4.8
Pentachlorobenzene,-5.167999999999999,1,250.339,0,1,0,0.0,-5.65
m-Nitrophenol,-2.318,1,139.10999999999999,1,1,1,63.37,-1.01
1-Decene,-3.781,1,140.26999999999998,0,0,7,0.0,-5.51
Glyceryl triacetate,-1.285,1,218.20499999999998,0,0,5,78.9,-0.6
dimethirimol,-3.57,1,209.29299999999998,1,1,4,49.25000000000001,-2.24
Cyfluthrin,-6.84,1,434.29400000000015,0,3,6,59.32000000000001,-7.337000000000001
Pyridine,-1.4809999999999999,2,79.10199999999998,0,1,0,12.89,0.76
1-Bromoheptane,-3.366,1,179.101,0,0,5,0.0,-4.43
"3,4-Dimethylpyridine",-2.0669999999999997,1,107.15599999999999,0,1,0,12.89,0.36
Fludrocortisone,-3.1719999999999997,1,380.45600000000013,3,4,2,94.83,-3.43
ethiofencarb,-2.855,1,225.313,1,1,4,38.33,-2.09
Malonic acid diethylester,-1.413,1,160.16899999999998,0,0,4,52.60000000000001,-0.82
d-Limonene,-3.429,1,136.238,0,1,1,0.0,-4.26
Indan,-3.057,2,118.17899999999997,0,2,0,0.0,-3.04
p-t-Butylphenol,-3.1919999999999997,1,150.22099999999998,1,1,0,20.23,-2.41
Cyclopropyl-5-spirobarbituric acid,-0.08800000000000001,1,154.125,2,2,0,75.27,-1.886
m-Chloroiodobenzene,-4.3839999999999995,1,238.45499999999998,0,1,0,0.0,-3.55
1-Bromonapthalene,-4.434,1,207.07,0,2,0,0.0,-4.35
trans-2-Pentene ,-2.076,1,70.135,0,0,1,0.0,-2.54
"2,6-Dimethylpyridine",-2.0980000000000003,1,107.156,0,1,0,12.89,0.45
Trichloroethylene,-2.312,1,131.389,0,0,0,0.0,-1.96
1-Napthylamine,-2.721,1,143.189,1,2,0,26.02,-1.92
m-Xylene ,-3.035,1,106.16799999999999,0,1,0,0.0,-2.82
2-hydroxypteridine,-1.4040000000000001,1,148.125,1,2,0,71.79,-1.9469999999999998
Methanol,0.441,1,32.042,1,0,0,20.23,1.57
Amobarbital,-2.312,1,226.27599999999998,2,1,4,75.27000000000001,-2.468
2-Butanone,-0.491,1,72.107,0,0,1,17.07,0.52
5-fluorouracil,-0.792,1,130.078,2,1,0,65.72,-1.077
tubercidin,-0.892,1,266.257,4,3,2,126.65,-1.95
"1,3-Benzenediol",-1.59,1,110.11199999999998,2,1,0,40.46,0.81
1-Hexanol,-1.3969999999999998,1,102.17699999999999,1,0,4,20.23,-1.24
1-Chloropentane,-2.294,1,106.596,0,0,3,0.0,-2.73
"1,3-Butadiene",-1.376,1,54.09199999999999,0,0,1,0.0,-1.87
Propyl acetate,-1.125,1,102.13299999999998,0,0,2,26.3,-0.72
"5,6,7,8-tetrahydro-2-naphthol",-3.0860000000000003,1,148.205,1,2,0,20.23,-1.99
chloroacetamide,-0.106,1,93.513,1,0,1,43.09,-0.02
Iodofenphos,-6.148,1,413.0,0,1,4,27.69,-6.62
4-Chlorotoluene,-3.2969999999999997,1,126.586,0,1,0,0.0,-3.08
Metribuzin,-2.324,1,214.29399999999998,1,1,1,73.8,-2.253
Tricresyl phosphate,-6.39,1,368.3690000000001,0,3,6,44.760000000000005,-6.01
Caproaldehyde,-1.4569999999999999,1,100.16099999999999,0,0,4,17.07,-1.3
Butamben,-3.0389999999999997,1,193.24599999999998,1,1,4,52.32,-3.082
RTI 3,-3.049,1,255.277,1,3,0,68.45,-3.043
Nerol,-2.603,1,154.253,1,0,4,20.23,-2.46
"2,4'-PCB",-5.142,1,223.102,0,2,1,0.0,-5.28
3-Octanoyloxymethylphenytoin,-4.84,1,408.498,1,3,10,75.71,-6.523
Nitroethane,-0.462,1,75.067,0,0,1,43.14,-0.22
Ethalfluralin,-5.063,1,333.266,0,1,6,89.51999999999998,-6.124
"1,2,3,4-Tetrachlorobenzene",-4.546,1,215.894,0,1,0,0.0,-4.57
Meprobamate,-1.376,1,218.25299999999996,2,0,6,104.63999999999999,-1.807
pregnenolone,-4.342,1,316.48500000000007,1,4,1,37.3,-4.65
Iodomethane,-1.646,1,141.939,0,0,0,0.0,-1.0
cycloheximide,-1.5319999999999998,1,281.35200000000003,2,2,3,83.47,-1.13
3-Heptanoyloxymethylphenytoin,-4.496,1,394.471,1,3,9,75.71,-6.301
isophorone,-2.015,1,138.20999999999998,0,1,0,17.07,-1.06
Butabarbital,-1.9580000000000002,1,212.24899999999997,2,1,3,75.27000000000001,-2.39
5-Nonanone,-2.329,1,142.242,0,0,6,17.07,-2.58
Glutethimide,-2.591,1,217.268,1,2,2,46.17,-2.3369999999999997
3-Methylpentane,-2.6,1,86.178,0,0,2,0.0,-3.68
Etofenprox,-6.896,1,376.49600000000004,0,3,9,27.69,-8.6
Methaqualone,-3.8810000000000002,1,250.30100000000002,0,3,1,34.89,-2.925
Chloroacetonitrile,-0.44799999999999995,1,75.498,0,0,0,23.79,-0.092
Trichloronate,-5.225,1,333.60400000000004,0,1,5,18.46,-5.752000000000001
Ethisterone,-3.858,1,312.45300000000003,1,4,0,37.3,-5.66
Pyridazine,-0.619,2,80.08999999999999,0,1,0,25.78,1.1
"1,2,3,5-Tetrachlorobenzene",-4.621,1,215.894,0,1,0,0.0,-4.63
Diosgenin,-5.681,1,414.63000000000017,1,6,0,38.69,-7.32
o-Aminophenol,-1.465,1,109.12799999999999,2,1,0,46.25,-0.72
Ethyl nonanoate,-3.3160000000000003,1,186.295,0,0,8,26.3,-3.8
metalaxyl,-2.87,1,279.336,0,1,5,55.84,-1.601
Propoxur,-2.4090000000000003,1,209.24499999999998,1,1,3,47.56,-2.05
2-Chlorobutane,-1.94,1,92.569,0,0,1,0.0,-1.96
2-Napthol,-3.08,1,144.17299999999997,1,2,0,20.23,-2.28
Oxadiazon,-5.265,1,345.22600000000017,0,2,3,57.26,-5.696000000000001
1-Hexyne ,-1.801,1,82.14599999999999,0,0,2,0.0,-2.36
1-Nonyne ,-2.864,1,124.22699999999999,0,0,5,0.0,-4.24
2-Chlorotoluene,-3.2969999999999997,1,126.586,0,1,0,0.0,-3.52
Diisopropyl ether ,-1.281,1,102.17699999999999,0,0,2,9.23,-1.1
Dapsone,-2.464,1,248.307,2,2,2,86.18,-3.094
Methyl hydrazine,0.5429999999999999,1,46.073,2,0,0,38.05,1.34
Propyne,-0.672,1,40.065000000000005,0,0,0,0.0,-0.41
Phoxim,-4.5569999999999995,1,298.304,0,1,7,63.839999999999996,-4.862
Propetamphos,-2.826,1,281.314,1,0,7,56.790000000000006,-3.408
Acrolein,-0.184,1,56.064,0,0,1,17.07,0.57
Hypoxanthine,-0.6559999999999999,1,136.114,2,2,0,74.43,-2.296
6-hydroxyquinoline,-2.725,1,145.161,1,2,0,33.120000000000005,-2.16
Fluorobenzene,-2.5140000000000002,1,96.10399999999998,0,1,0,0.0,-1.8
1-Chloropropane,-1.585,1,78.542,0,0,1,0.0,-1.47
Ethyl acetate,-0.77,1,88.106,0,0,1,26.3,-0.04
"2,2-Dimethylpentane",-2.938,1,100.20499999999998,0,0,1,0.0,-4.36
Pentamethylbenzene,-3.9930000000000003,1,148.249,0,1,0,0.0,-4.0
eucalyptol,-2.5789999999999997,1,154.253,0,3,0,9.23,-1.64
dibutyl sebacate,-4.726,1,314.46600000000007,0,0,15,52.60000000000001,-3.8960000000000004
"4,4'-PCB",-5.2989999999999995,1,223.102,0,2,1,0.0,-6.56
"2,3-Dimethylpyridine",-2.0669999999999997,1,107.156,0,1,0,12.89,0.38
Carvone,-2.042,1,150.22099999999998,0,1,1,17.07,-2.06
Carbophenthion,-5.827999999999999,1,342.875,0,1,8,18.46,-5.736000000000001
"Etoposide (148-167,25mg/ml)",-3.292,1,588.5620000000001,3,7,5,160.83,-3.571
Perylene,-6.007000000000001,2,252.31599999999997,0,5,0,0.0,-8.804
"2,4-Dinitrotoluene",-2.6039999999999996,1,182.135,0,1,2,86.28,-2.82
2-bromonaphthalene,-4.434,1,207.07000000000002,0,2,0,0.0,-4.4
Formetanate,-1.8459999999999999,1,221.26,1,1,3,53.93,-2.34
6-methoxypteridine,-1.589,1,162.15200000000002,0,2,1,60.790000000000006,-1.139
nevirapine,-3.397,1,266.30400000000003,1,4,1,58.120000000000005,-3.19
Isazofos,-3.76,1,313.747,0,1,7,58.4,-3.658
"2-Methyl-1,3-Butadiene ",-1.714,1,68.11900000000001,0,0,1,0.0,-2.03
linalool,-2.399,1,154.253,1,0,4,20.23,-1.99
Fenthion,-4.265,1,278.335,0,1,5,27.69,-4.57
Cyclohexanol ,-1.261,1,100.161,1,1,0,20.23,-0.44
5-Allyl-5-methylbarbital,-1.013,1,182.17899999999997,2,1,2,75.27000000000001,-1.16
Epiandrosterone,-3.8819999999999997,1,290.447,1,4,0,37.3,-4.16
mannitol,0.647,1,182.172,6,0,5,121.38000000000001,0.06
4-Methylbiphenyl,-4.4239999999999995,1,168.239,0,2,1,0.0,-4.62
Atrazine,-3.069,1,215.68800000000002,2,1,4,62.730000000000004,-3.85
Phenylthiourea,-1.7009999999999998,1,152.22199999999998,2,1,1,38.05,-1.77
4-Heptanone,-1.62,1,114.18799999999999,0,0,4,17.07,-1.3
"3,3-Dimethyl-2-butanone",-1.25,1,100.16099999999999,0,0,0,17.07,-0.72
4-Chlorophenol ,-2.761,1,128.558,1,1,0,20.23,-0.7
Cyclohexanone,-0.996,1,98.14500000000001,0,1,0,17.07,-0.6
m-Methylaniline,-1.954,1,107.156,1,1,0,26.02,-0.85
Trichloroacetonitrile,-2.019,1,144.388,0,0,0,23.79,-2.168
norflurazon,-4.029,1,303.67100000000005,1,2,2,46.92,-4.046
2-Decanone,-2.617,1,156.269,0,0,7,17.07,-3.3
Ipazine,-3.497,1,243.74200000000002,1,1,5,53.940000000000005,-3.785
Benzocaine,-2.383,1,165.19199999999998,1,1,2,52.32,-2.616
"1,2,4-Trichlorobenzene",-4.083,1,181.449,0,1,0,0.0,-3.59
Triazolam,-3.948,1,343.2170000000001,0,4,1,43.07,-4.09
"1,2-Benzenediol",-1.635,1,110.11199999999998,2,1,0,40.46,0.62
Reverse Transcriptase inhibitor 1,-2.7939999999999996,1,254.29299999999998,0,3,1,49.330000000000005,-2.62
Dimethyl sulfide,-0.758,1,62.137,0,0,0,0.0,-0.45
2-Bromotoluene,-3.667,1,171.03699999999998,0,1,0,0.0,-2.23
O-Ethyl carbamate,-0.218,1,89.09400000000001,1,0,1,52.32,0.85
megestrol acetate,-4.417,1,384.5160000000002,0,4,2,60.440000000000005,-5.35
"2,4-Dimethyl-3-pentanol",-1.6469999999999998,1,116.20399999999998,1,0,2,20.23,-1.22
Napthalene,-3.468,2,128.17399999999995,0,2,0,0.0,-3.6
N-Ethylaniline,-2.3890000000000002,1,121.18299999999995,1,1,2,12.03,-1.7
Phenytoin,-3.057,1,252.27300000000002,2,3,2,58.2,-4.0969999999999995
"7,12-Dimethylbenz(a)anthracene",-6.297000000000001,1,256.348,0,4,0,0.0,-7.02
Dialifor,-5.026,1,393.85400000000016,0,2,8,55.84,-6.34
Methoxychlor,-5.537999999999999,1,345.6529999999999,0,2,4,18.46,-6.89
TEFLUBENZURON,-5.462000000000001,1,381.1120000000001,2,2,2,58.2,-7.28
3-Pentanoyloxymethylphenytoin,-3.81,1,366.41700000000003,1,3,7,75.71,-4.678
Monuron,-2.6710000000000003,1,198.653,1,1,1,32.34,-2.89
Flutriafol,-3.569,1,301.296,1,3,4,50.94,-3.37
triamcinolone diacetate,-3.8760000000000003,1,478.51300000000026,2,4,4,127.20000000000002,-4.13
1-Bromobutane,-2.303,1,137.01999999999998,0,0,2,0.0,-2.37
"1,2,4,5-Tetrabromobenzene",-6.001,1,393.69800000000004,0,1,0,0.0,-6.98
4-Methyl-2-pentanone,-1.1840000000000002,1,100.16099999999999,0,0,2,17.07,-0.74
cycloate,-3.35,1,215.36199999999994,0,1,3,20.310000000000002,-3.4
4-Chloroanisole,-3.057,1,142.585,0,1,1,9.23,-2.78
Deltamethrin,-7.44,1,505.20600000000024,0,3,6,59.32000000000001,-8.402000000000001
Talbutal,-2.06,1,224.26,2,1,4,75.27000000000001,-2.016
Fenitrothion,-3.845,1,277.238,0,1,5,70.83000000000001,-4.04
1-Iodonapthalene,-4.888999999999999,1,254.07000000000002,0,2,0,0.0,-4.55
Sorbitol,0.647,1,182.172,6,0,5,121.38000000000001,1.09
Ethanethiol,-0.968,1,62.137,1,0,0,0.0,-0.6
"1,1,2-Trichloroethane",-1.9609999999999999,1,133.405,0,0,1,0.0,-1.48
Pyrolan,-3.141,1,245.282,0,2,2,47.36000000000001,-2.09
o-Hydroxybenzamide,-1.942,1,137.13799999999998,2,1,1,63.32000000000001,-1.82
o-Nitrotoluene,-2.589,1,137.138,0,1,1,43.14,-2.33
"5,5-Diisopropylbarbital",-1.942,1,212.249,2,1,2,75.27000000000001,-2.766
2-Ethyltoluene,-3.2960000000000003,1,120.19499999999996,0,1,1,0.0,-3.21
1-Chloroheptane,-3.003,1,134.65,0,0,5,0.0,-4.0
Barbital,-1.265,1,184.19499999999996,2,1,2,75.27000000000001,-2.4
Bibenzyl ,-4.301,2,182.266,0,2,3,0.0,-4.62
"1,1,2,2-Tetrachloroethane",-2.549,1,167.85,0,0,1,0.0,-1.74
RTI 23,-4.228,1,283.331,1,3,2,54.46,-5.153
2-Methylphenanthrene,-4.87,1,192.261,0,3,0,0.0,-5.84
dibutylphthalate,-4.378,1,278.348,0,1,8,52.60000000000001,-4.4
tetrachloroguaiacol,-4.2989999999999995,1,261.919,1,1,1,29.46,-4.02
Dimecron,-2.426,1,299.6909999999999,0,0,8,65.07000000000001,0.523
Equilin,-3.555,1,268.356,1,4,0,37.3,-5.282
Chlorimuron-ethyl (ph 7),-3.719,1,414.82700000000017,1,2,8,127.79,-4.5760000000000005
p-Nitroanisole,-2.522,1,153.13699999999997,0,1,2,52.37,-2.41
1-Chlorohexane,-2.648,1,120.623,0,0,4,0.0,-3.12
"2,2',3,3',4,4',5,5'-PCB",-8.468,1,429.77200000000016,0,2,1,0.0,-9.16
Raffinose,0.496,1,504.43800000000005,11,3,8,268.67999999999995,-0.41
hexacosane,-9.702,1,366.7180000000002,0,0,23,0.0,-8.334
RTI 5,-3.471,1,253.30499999999995,0,3,1,36.44,-3.324
"1,1-Dichloroethane",-1.5759999999999998,1,98.96000000000001,0,0,0,0.0,-1.29
Sulfanilamide,-0.9540000000000001,1,172.20899999999997,2,1,1,86.18,-1.34
Isopropalin,-5.306,1,309.36600000000004,0,1,8,89.51999999999998,-6.49
Lindane,-4.0089999999999995,1,290.832,0,1,0,0.0,-4.64
Isofenphos,-4.538,1,345.4010000000002,1,1,8,56.790000000000006,-4.194
"1,2,3-Trichlorobenzene",-4.008,1,181.44899999999998,0,1,0,0.0,-4.0
Tetrachloromethane,-2.6069999999999998,1,153.823,0,0,0,0.0,-2.31
"3,4-Dichloronitrobenzene",-3.448,1,192.001,0,1,1,43.14,-3.2
Cyclooctanol,-2.14,1,128.215,1,1,0,20.23,-1.29
17a-Methyltestosterone,-4.073,1,302.4580000000001,1,4,0,37.3,-3.9989999999999997
Dulcin,-2.167,1,180.20699999999997,2,1,3,64.35,-2.17
"trans-1,4-Dimethylcyclohexane",-3.305,1,112.216,0,1,0,0.0,-4.47
"1,7-phenantroline",-2.9939999999999998,2,180.20999999999998,0,3,0,25.78,-2.68
Methyl t-butyl ether ,-0.9840000000000001,1,88.14999999999999,0,0,0,9.23,-0.24
Anethole,-3.2539999999999996,1,148.20499999999998,0,1,2,9.23,-3.13
1-Hexadecanol,-4.94,1,242.44699999999992,1,0,14,20.23,-7.0
uracil,-0.441,1,112.088,2,1,0,65.72,-1.4880000000000002
adenine,-1.255,1,135.13,2,2,0,80.47999999999999,-2.12
"2,2',3,4,5-PCB",-6.709,1,326.437,0,2,1,0.0,-7.21
Ancymidol,-2.181,1,256.30499999999995,1,3,4,55.24,-2.596
Benzo(b)fluoranthene,-6.007000000000001,2,252.31599999999997,0,5,0,0.0,-8.23
Carbanilide,-3.611,1,212.25199999999998,2,2,2,41.13,-3.15
phenobarbital,-2.272,1,232.239,2,2,2,75.27000000000001,-2.322
"2',3,4-PCB",-5.686,1,257.547,0,2,1,0.0,-6.29
Isoproturon,-2.867,1,206.289,1,1,2,32.34,-3.536
Azintamide,-2.231,1,259.762,0,1,5,46.09,-1.716
"2,2-Dimethyl-1-butanol",-1.365,1,102.17699999999998,1,0,2,20.23,-1.04
Ethyl pentanoate,-1.899,1,130.18699999999998,0,0,4,26.3,-1.75
"2,4,6-Trinitrotoluene",-2.6060000000000003,1,227.13199999999998,0,1,3,129.42000000000002,-3.22
Bensulide,-4.99,1,397.52400000000006,1,1,10,64.63,-4.2
Cycloheptane,-2.9160000000000004,2,98.18900000000001,0,1,0,0.0,-3.51
Propyl formate,-0.757,1,88.10599999999998,0,0,3,26.3,-0.49
2-Isopropyltoluene,-3.585,1,134.22199999999995,0,1,1,0.0,-3.76
m-Chloroaniline,-2.392,1,127.574,1,1,0,26.02,-1.37
"2,4-Dimethylpentane",-2.938,1,100.20499999999998,0,0,2,0.0,-4.26
Dibenzofurane,-4.2010000000000005,2,168.195,0,3,0,13.14,-4.6
ethofumesate,-3.1839999999999997,1,286.34900000000005,0,2,4,61.830000000000005,-3.42
Fluometuron,-3.065,1,232.20499999999996,1,1,1,32.34,-3.43
Acridine,-3.846,2,179.22199999999998,0,3,0,12.89,-3.67
Cortisone,-2.8930000000000002,1,360.45000000000016,2,4,2,91.67,-3.11
glucose,0.501,1,180.156,5,1,1,110.38000000000001,0.74
3-Methylphenol,-2.313,1,108.13999999999999,1,1,0,20.23,-0.68
Indapamide,-4.345,1,365.84200000000004,2,3,3,92.5,-3.5860000000000003
Lovastatin,-4.731,1,404.54700000000025,1,3,6,72.83,-6.005
"1,4-Dinitrobenzene",-2.281,1,168.10799999999995,0,1,2,86.28,-3.39
Reposal,-2.781,1,262.30899999999997,2,3,2,75.27000000000001,-2.696
Ethyl decanoate,-3.6710000000000003,1,200.32199999999997,0,0,9,26.3,-4.1
Fenuron,-1.847,1,164.208,1,1,1,32.34,-1.6
Ethyl propyl ether,-1.072,1,88.14999999999999,0,0,3,9.23,-0.66
2-Propanol,-0.261,1,60.096000000000004,1,0,0,20.23,0.43
2-Methylnapthalene,-3.802,1,142.201,0,2,0,0.0,-3.77
Chlorodibromethane,-2.54,1,208.28,0,0,0,0.0,-1.9
Hexestrol,-4.854,1,270.372,2,2,5,40.46,-4.43
Malathion,-3.391,1,330.3640000000001,0,0,9,71.06,-3.37
Benzylchloride,-2.887,1,126.58599999999996,0,1,1,0.0,-2.39
t-Crotonaldehyde,-0.604,1,70.09100000000001,0,0,1,17.07,0.32
Chlorbromuron,-3.938,1,293.548,1,1,2,41.57,-3.924
"9,10-Dimethylanthracene",-5.228,1,206.28799999999998,0,3,0,0.0,-6.57
Methyl hexanoate,-1.899,1,130.18699999999998,0,0,4,26.3,-1.87
Dimefuron,-3.8310000000000004,1,338.79500000000013,1,2,2,80.37,-4.328
p-Fluoroacetanilide,-2.181,1,153.156,1,1,1,29.1,-1.78
alachlor,-3.319,1,269.77199999999993,0,1,6,29.54,-3.26
Cyclohexene,-2.16,2,82.146,0,1,0,0.0,-2.59
Hydrocortisone ,-3.159,1,362.4660000000002,3,4,2,94.83,-3.09
Pyrimidine,-0.884,2,80.08999999999999,0,1,0,25.78,1.1
p-Chloronitrobenzene,-2.9010000000000002,1,157.55599999999998,0,1,1,43.14,-2.92
Methyl propionate,-0.836,1,88.106,0,0,1,26.3,-0.14
o-Chloronitrobenzene,-2.775,1,157.55599999999998,0,1,1,43.14,-2.55
Neburon,-4.157,1,275.179,1,1,4,32.34,-4.77
Buthidazole,-2.398,1,256.33099999999996,1,2,1,69.56,-1.8769999999999998
Nitrobenzene,-2.2880000000000003,1,123.11099999999996,0,1,1,43.14,-1.8
Iodobenzene,-3.8,1,204.01000000000002,0,1,0,0.0,-3.01
Metolazone,-3.7769999999999997,1,365.8420000000001,2,3,2,92.5,-3.78
Methocarbamol,-1.4280000000000002,1,241.24299999999994,2,1,6,91.00999999999999,-0.985
butachlor,-4.3469999999999995,1,311.85300000000007,0,1,9,29.54,-4.19
"2,3-Dichlorophenol",-3.1439999999999997,1,163.003,1,1,0,20.23,-1.3
Propyl butyrate,-1.1909999999999998,1,102.13299999999998,0,0,2,26.3,-1.92
Propanil,-3.6439999999999997,1,218.08299999999997,1,1,2,29.1,-3.0
Triamterene,-3.051,1,253.26900000000003,3,3,1,129.62,-2.404
Ethyl hexanoate,-2.254,1,144.21399999999997,0,0,5,26.3,-2.35
chloralose,-1.8869999999999998,1,309.529,3,2,2,88.38000000000001,-1.84
Amitraz,-5.5329999999999995,1,293.41400000000004,0,2,4,27.96,-5.47
Prometon,-3.448,1,225.296,2,1,5,71.96000000000001,-2.478
1-Octene ,-3.073,1,112.216,0,0,5,0.0,-4.44
p-Methylaniline ,-1.954,1,107.156,1,1,0,26.02,-1.21
aminothiazole,-1.226,1,100.14599999999999,1,1,0,38.91,-0.36
Metolcarb,-1.9469999999999998,1,151.165,1,1,1,38.33,-1.8030000000000002
3-Hexanol,-1.324,1,102.17699999999999,1,0,3,20.23,-0.8
9-anthrol,-4.148,1,194.23299999999998,1,3,0,20.23,-4.73
2-Methylanthracene,-4.87,1,192.261,0,3,0,0.0,-6.96
"1,2,3-Trimethylbenzene ",-3.312,1,120.195,0,1,0,0.0,-3.2
Aminocarb,-2.677,1,208.26099999999997,1,1,2,41.57,-2.36
2-Nonanol,-2.387,1,144.258,1,0,6,20.23,-2.74
Methyldymron,-3.863,1,268.36,1,2,3,32.34,-3.35
3-Hexanone,-1.266,1,100.16099999999999,0,0,3,17.07,-0.83
bromoxynil,-3.793,1,276.91499999999996,1,1,0,44.019999999999996,-3.33
"3,4-PCB",-5.223,1,223.102,0,2,1,0.0,-6.39
Mefenacet,-4.504,1,298.367,0,3,4,42.43000000000001,-4.873
5-hydroxyquinoline,-2.725,1,145.161,1,2,0,33.120000000000005,-2.54
Carboxin,-2.927,1,235.30800000000002,1,2,2,38.33,-3.14
Ethoxyzolamide,-3.085,1,258.324,1,2,3,82.28,-3.81
Pentachlorophenol,-4.835,1,266.33799999999997,1,1,0,20.23,-4.28
Bromochloromethane,-1.5190000000000001,1,129.384,0,0,0,0.0,-0.89
metharbital,-1.6580000000000001,1,198.22199999999998,1,1,2,66.48,-2.23
deoxycorticosterone acetate,-4.4719999999999995,1,372.5050000000002,0,4,3,60.440000000000005,-4.63
benzylurea,-1.5090000000000001,1,150.18099999999998,2,1,2,55.120000000000005,-0.95
Chlortoluron,-3.048,1,212.67999999999998,1,1,1,32.34,-3.483
Linuron,-3.5810000000000004,1,249.09699999999998,1,1,2,41.57,-3.592
Cycloheptanol,-1.7,1,114.188,1,1,0,20.23,-0.88
Thiamphenicol,-1.936,1,356.2270000000001,3,1,6,103.70000000000002,-2.154
thiopental,-2.96,1,242.34400000000002,2,1,4,58.2,-3.36
acetazolamide,-0.7929999999999999,1,222.251,2,1,2,115.03999999999999,-2.36
p-Nitrophenol,-2.318,1,139.10999999999999,1,1,1,63.37,-0.74
Aldrin,-5.511,1,364.914,0,4,0,0.0,-6.307
Tetrahydrofurane ,-0.62,2,72.107,0,1,0,9.23,0.49
o-Nitroaniline,-2.2769999999999997,1,138.126,1,1,1,69.16,-1.96
"2,2',3,3'-PCB",-6.079,1,291.99199999999996,0,2,1,0.0,-7.28
phenylbutazone,-4.0760000000000005,1,308.38100000000003,0,3,5,40.620000000000005,-3.81
"2,6-Dinitrotoluene",-2.553,1,182.135,0,1,2,86.28,-3.0
Progesterone,-4.17,1,314.46900000000005,0,4,1,34.14,-4.42
Chlorazine,-3.6630000000000003,1,257.76899999999995,0,1,6,45.150000000000006,-4.4110000000000005
captafol,-4.365,1,349.06600000000014,0,2,3,37.38,-5.4
"1,2,4-tribromobenzene",-5.144,1,314.802,0,1,0,0.0,-4.5
Oxazepam,-3.517,1,286.718,2,3,1,61.690000000000005,-3.952
Secobarbital,-2.415,1,238.28699999999995,2,1,5,75.27000000000001,-2.356
Carvacrol,-3.2239999999999998,1,150.22099999999998,1,1,1,20.23,-2.08
rhodanine,-0.396,1,133.197,1,1,0,29.1,-1.77
Morin,-2.7310000000000003,1,302.23800000000006,5,3,1,131.35999999999999,-3.083
Kepone,-5.112,1,490.6390000000001,0,6,0,17.07,-5.2589999999999995
Disulfiram,-3.862,1,296.5520000000001,0,0,4,6.48,-4.86
Cyclohexane,-2.477,2,84.162,0,1,0,0.0,-3.1
Dienochlor,-7.848,1,474.64,0,2,1,0.0,-7.278
chlordimeform,-3.1639999999999997,1,196.68099999999998,0,1,2,15.6,-2.86
Equilenin,-3.927,1,266.34,1,4,0,37.3,-5.24
1-Octanol,-2.105,1,130.23100000000002,1,0,6,20.23,-2.39
Diethyl sulfide,-1.598,1,90.191,0,0,2,0.0,-1.34
"1,2-Dichloroethane",-1.374,1,98.96000000000001,0,0,1,0.0,-1.06
2-Chloro-2-methylbutane,-2.278,1,106.59599999999999,0,0,1,0.0,-2.51
1-Chloro-2-bromoethane,-1.7380000000000002,1,143.411,0,0,1,0.0,-1.32
p-Nitroaniline,-1.936,1,138.126,1,1,1,69.16,-2.37
Lactose,1.071,1,342.297,8,2,4,189.52999999999997,-0.244
RTI 2,-3.125,1,268.32,0,3,2,49.330000000000005,-2.86
Chlorobenzene,-2.975,1,112.55899999999997,0,1,0,0.0,-2.38
1-Nonene ,-3.427,1,126.243,0,0,6,0.0,-5.05
p-Bromoiodobenzene,-4.754,1,282.90599999999995,0,1,0,0.0,-4.56
3-Methyl-3-pentanol,-1.308,1,102.17699999999998,1,0,2,20.23,-0.36
Pentylbenzene,-3.8989999999999996,1,148.249,0,1,4,0.0,-4.64
allantoin,0.652,1,158.117,4,1,1,113.32,-1.6
Glafenine,-5.052,1,372.80800000000016,3,3,6,91.67999999999999,-4.571000000000001
DDD,-6.007999999999999,1,320.04600000000005,0,2,3,0.0,-7.2
testosterone acetate,-4.449,1,330.4680000000001,0,4,1,43.370000000000005,-5.184
1-Chloronapthalene,-4.063,1,162.61899999999997,0,2,0,0.0,-3.93
RTI 19,-4.007,1,252.31699999999995,0,3,1,23.55,-4.749
2-Hexanol,-1.324,1,102.17699999999998,1,0,3,20.23,-0.89
Propylcyclopentane,-3.16,1,112.21600000000001,0,1,2,0.0,-4.74
Etomidate,-3.359,1,244.294,0,2,4,44.12,-4.735
"3,4-Dichlorophenol",-3.352,1,163.00300000000001,1,1,0,20.23,-1.25
Cypermethrin,-6.775,1,416.30400000000014,0,3,6,59.32000000000001,-8.017000000000001
Benzoxazole,-2.214,2,119.12299999999998,0,2,0,26.03,-1.16
1-Pentanol,-1.042,1,88.14999999999999,1,0,3,20.23,-0.6
"N,N-Diethylaniline",-3.16,1,149.237,0,1,3,3.24,-3.03
"1,3-Difluorobenzene",-2.636,1,114.094,0,1,0,0.0,-2.0
3-chloropropionitrile,-0.522,1,89.525,0,0,1,23.79,-0.29
t-Pentylbenzene,-3.867,1,148.249,0,1,1,0.0,-4.15
5-Ethyl-5-phenylbarbital,-2.272,1,232.239,2,2,2,75.27000000000001,-2.322
o-Chloroiodobenzene,-4.3839999999999995,1,238.45499999999998,0,1,0,0.0,-3.54
Benzotriazole,-2.21,2,119.127,1,2,0,41.57,-0.78
Carbofuran,-3.05,1,221.25599999999994,1,2,1,47.56,-2.8
"2,6-Dimethylphenol",-2.589,1,122.16699999999999,1,1,0,20.23,-1.29
3-Methyl-2-butanol,-0.9540000000000001,1,88.14999999999999,1,0,1,20.23,-0.18
benzhydrol,-3.033,1,184.238,1,2,2,20.23,-2.55
Methyl decanoate,-3.3160000000000003,1,186.295,0,0,8,26.3,-4.69
Dicapthon,-4.188,1,297.656,0,1,5,70.83000000000001,-4.31
1-Bromo-2-methylpropane,-2.2880000000000003,1,137.01999999999998,0,0,1,0.0,-2.43
Iodoethane,-2.066,1,155.966,0,0,0,0.0,-1.6
Pirimicarb,-2.34,1,238.29099999999997,0,1,2,58.56000000000001,-1.95
1-Bromohexane,-3.012,1,165.074,0,0,4,0.0,-3.81
2-Methylpentane,-2.6,1,86.178,0,0,2,0.0,-3.74
Tetrafluthrin,-6.3389999999999995,1,418.7360000000001,0,2,4,26.3,-7.321000000000001
Metolachlor,-3.431,1,283.7989999999999,0,1,6,29.54,-2.73
nifuroxime,-1.8430000000000002,1,156.09699999999998,1,1,2,88.87,-2.19
Fluvalinate,-8.057,1,502.9200000000002,1,3,8,71.35,-8.003
Amitrole,-0.674,1,84.082,2,1,0,67.59,0.522
Tribromomethane,-2.904,1,252.731,0,0,0,0.0,-1.91
Trichlorfon,-1.8659999999999999,1,257.437,1,0,3,55.760000000000005,-0.22
Phosalone,-5.024,1,367.8160000000001,0,2,7,53.6,-5.233
Phenylmethanol,-1.699,1,108.13999999999997,1,1,1,20.23,-0.4
Coumatetralyl,-5.194,1,292.33400000000006,1,4,1,50.44,-2.84
4-Bromophenol,-3.1319999999999997,1,173.00900000000001,1,1,0,20.23,-1.09
2-Bromopropane,-1.949,1,122.993,0,0,0,0.0,-1.59
"2,2,4-Trimethylpentane",-3.2760000000000002,1,114.23199999999999,0,0,1,0.0,-4.74
"1,3,5-Trinitrobenzene",-2.324,1,213.10499999999996,0,1,3,129.42000000000002,-2.89
Nimetazepam,-3.557,1,295.29800000000006,0,3,2,75.81,-3.7960000000000003
Propane,-1.5530000000000002,1,44.096999999999994,0,0,0,0.0,-1.94
Minoxidil,-1.8090000000000002,1,209.25299999999996,2,2,1,95.10999999999999,-1.989
1-aminoacridine,-3.542,1,194.23700000000002,1,3,0,38.91,-4.22
Benzo(k)fluoranthene,-6.007000000000001,2,252.31599999999997,0,5,0,0.0,-8.49
Dicofol,-6.268,1,370.49,1,2,2,20.23,-5.666
Acenapthene,-3.792,2,154.21199999999996,0,3,0,0.0,-4.63
Dialifos,-5.026,1,393.85400000000016,0,2,8,55.84,-6.34
"1,4-Dibromobenzene",-4.298,1,235.90599999999998,0,1,0,0.0,-4.07
Methazole,-3.6010000000000004,1,261.064,0,2,1,57.14,-2.82
p-Phenylphenol,-3.701,1,170.211,1,2,1,20.23,-3.48
pyracarbolid,-2.83,1,217.26800000000003,1,2,2,38.33,-2.56
Ethyl vinyl ether,-0.857,1,72.10700000000001,0,0,2,9.23,-0.85
1-Butyne,-1.092,1,54.09199999999999,0,0,0,0.0,-1.24
4-methoxypteridine,-1.589,1,162.15200000000002,0,2,1,60.790000000000006,-1.11
3-Methyl-3-heptanol,-2.017,1,130.23099999999997,1,0,4,20.23,-1.6
"1,4-Dichlorobenzene",-3.5580000000000003,1,147.00400000000002,0,1,0,0.0,-3.27
3-Ethanoyloxymethylphenytoin,-2.7230000000000003,1,324.33600000000007,1,3,4,75.71,-4.47
"Sparsomycin (3,8mg/ml)",-1.57,1,361.4450000000001,4,1,8,132.11999999999998,-1.9809999999999999
3-methylindole,-2.9810000000000003,1,131.17799999999997,1,2,0,15.79,-2.42
2-methoxypteridine,-1.589,1,162.152,0,2,1,60.790000000000006,-1.11
Dioxacarb,-1.614,1,223.22799999999995,1,2,2,56.790000000000006,-1.57
isocarbamid,-1.508,1,185.22699999999998,2,1,2,61.440000000000005,-2.15
Acetonitrile,0.152,1,41.053,0,0,0,23.79,0.26
Fenoxycarb,-4.662,1,301.34200000000004,1,2,7,56.790000000000006,-4.7
acetyl sulfisoxazole,-2.024,1,293.34800000000007,1,2,3,89.43,-3.59
"1,1,1,2-Tetrachloroethane",-2.7939999999999996,1,167.85,0,0,0,0.0,-2.18
1-Butanol,-0.688,1,74.12299999999999,1,0,2,20.23,0.0
Siduron,-3.779,1,232.32700000000003,2,2,2,41.13,-4.11
"1,3,5-Trichlorobenzene",-4.159,1,181.449,0,1,0,0.0,-4.48
Furfural,-1.391,1,96.08499999999998,0,1,1,30.21,-0.1
3-Methylbutan-1-ol,-1.0270000000000001,1,88.14999999999999,1,0,2,20.23,-0.51
piperonal,-2.033,1,150.13299999999998,0,2,1,35.53,-1.63
2-Methylpropene,-1.5730000000000002,1,56.108000000000004,0,0,0,0.0,-2.33
Benzaldehyde,-1.999,1,106.12399999999997,0,1,1,17.07,-1.19
"2,3-Dimethyl-1,3-Butadiene",-2.052,1,82.146,0,0,1,0.0,-2.4
Benfuracarb,-5.132999999999999,1,410.53600000000023,0,2,8,68.31,-4.71
RTI 10,-2.7710000000000004,1,226.235,0,3,0,42.43,-3.6719999999999997
Fluorene ,-4.125,2,166.22299999999998,0,3,0,0.0,-5.0
Methylcyclohexane ,-2.891,1,98.18900000000001,0,1,0,0.0,-3.85
sulfaguanidine,-0.706,1,214.25,4,1,2,122.05999999999999,-1.99
Methylparaben,-2.441,1,152.149,1,1,1,46.53,-1.827
2-Methyltetrahydrofurane,-1.034,1,86.134,0,1,0,9.23,0.11
Santonin,-2.43,1,246.30599999999995,0,3,0,43.370000000000005,-3.09
Salicin,-0.975,1,286.28,5,2,4,119.61000000000001,-0.85
1-Iodopropane,-2.4859999999999998,1,169.993,0,0,1,0.0,-2.29
Ametryn,-3.43,1,227.337,2,1,5,62.730000000000004,-3.04
1-Propanol,-0.33399999999999996,1,60.096,1,0,1,20.23,0.62
Hydroxyprogesterone-17a,-3.8760000000000003,1,330.4680000000001,1,4,1,54.37,-3.8169999999999997
2-Pentanol,-0.97,1,88.14999999999999,1,0,2,20.23,-0.29
benzoin,-3.148,1,212.248,1,2,3,37.3,-2.85
"2,4-Dimethylphenol",-2.6210000000000004,1,122.16699999999999,1,1,0,20.23,-1.19
m-Chloronitrobenzene ,-2.9010000000000002,1,157.55599999999998,0,1,1,43.14,-2.77
ampyrone,-1.192,1,203.245,1,2,1,52.95,-0.624
"2,2',4,5'-PCB",-6.23,1,291.99199999999996,0,2,1,0.0,-6.57
"Hexachloro-1,3-butadiene",-4.546,1,260.762,0,0,1,0.0,-4.92
Terbutryn,-3.75,1,241.364,2,1,4,62.730000000000004,-4.0
3-Methyl-2-pentanol,-1.308,1,102.17699999999999,1,0,3,20.23,-0.71
2-methylpteridine,-1.24,1,146.153,0,2,0,51.56,-0.12
Danazol,-4.5569999999999995,1,337.4630000000001,1,5,0,46.260000000000005,-5.507000000000001
1-Iodobutane,-2.841,1,184.01999999999998,0,0,2,0.0,-2.96
2-Bromonapthalene,-4.434,1,207.07,0,2,0,0.0,-4.4
"Digoxin (L1=41,8mg/mL, L2=68,2mg/mL, Z=40,1mg/mL)",-5.312,1,780.9490000000001,6,8,7,203.05999999999997,-4.081
Benzyltrifluoride,-3.0989999999999998,1,146.111,0,1,0,0.0,-2.51
Dihexyl phthalate,-5.757999999999999,1,334.45600000000024,0,1,12,52.60000000000001,-6.144
Dibenzothiophene,-4.5969999999999995,2,184.263,0,3,0,0.0,-4.38
"2,3',4,4'-PCB",-6.709,1,326.437,0,2,1,0.0,-7.8
"2,2',3,3',4,4'-PCB",-7.192,1,360.88200000000006,0,2,1,0.0,-8.01
Warfarin,-3.9130000000000003,1,308.3330000000001,1,3,4,67.50999999999999,-3.8930000000000002
hydrobenzoin,-2.645,1,214.264,2,2,3,40.46,-1.93
Dimethyl phthalate,-2.347,1,194.18599999999995,0,1,2,52.60000000000001,-1.66
Ethyl octanoate,-2.9619999999999997,1,172.26799999999997,0,0,7,26.3,-3.39
Diethyldisulfide,-2.364,1,122.258,0,0,3,0.0,-2.42
"1,2-Diethoxyethane ",-0.833,1,118.176,0,0,5,18.46,-0.77
"1,2,4,5-Tetrachlorobenzene",-4.621,1,215.894,0,1,0,0.0,-5.56
p-benzidine,-2.613,1,184.242,2,2,1,52.04,-2.7
1-Heptene,-2.718,1,98.189,0,0,4,0.0,-3.73
Ethirimol,-2.7319999999999998,1,209.29299999999998,2,1,5,57.78,-3.028
Pentobarbital,-2.312,1,226.27599999999995,2,1,4,75.27000000000001,-2.39
o-Chloroaniline,-2.392,1,127.574,1,1,0,26.02,-1.52
3-Chloroanisole,-3.057,1,142.58499999999998,0,1,1,9.23,-2.78
Pebulate,-3.1310000000000002,1,203.35099999999997,0,0,6,20.310000000000002,-3.53
Butyl acetate,-1.111,1,102.13299999999998,0,0,4,26.3,-1.37
Prednisolone,-2.9739999999999998,1,360.4500000000002,3,4,2,94.83,-3.18
Bromodichloromethane,-2.176,1,163.82899999999998,0,0,0,0.0,-1.54
adrenosterone,-2.99,1,300.3980000000001,0,4,0,51.21,-3.48
p-terphenyl,-5.7410000000000005,2,230.31,0,3,2,0.0,-7.11
p-Hydroxybenzaldehyde ,-2.003,1,122.12299999999998,1,1,1,37.3,-0.96
Bromomethane,-1.109,1,94.939,0,0,0,0.0,-0.79
Perfluidone,-4.945,1,379.38100000000003,1,2,4,80.31,-3.8
Coumachlor,-4.553999999999999,1,342.7780000000001,1,3,4,67.50999999999999,-5.8389999999999995
2-Ethylnaphthalene,-4.1,1,156.22799999999998,0,2,1,0.0,-4.29
5-methylcytosine,-0.257,1,125.13099999999999,2,1,0,71.77000000000001,-1.4580000000000002
"2,3,4,5,6-PCB",-6.785,1,326.437,0,2,1,0.0,-7.92
benodanil,-4.245,1,323.133,1,2,2,29.1,-4.21
Riboflavin,-1.865,1,376.36900000000014,5,3,5,161.56,-3.685
o-Fluorobromobenzene,-3.467,1,175.0,0,1,0,0.0,-2.7
"2,4-Dichlorophenol ",-3.22,1,163.003,1,1,0,20.23,-1.55
Permethrin,-7.129,1,391.2940000000001,0,3,6,35.53,-6.291
piroxicam,-3.4730000000000003,1,331.353,2,3,2,99.60000000000001,-4.16
3-Propanoyloxymethylphenytoin,-3.128,1,338.36300000000006,1,3,5,75.71,-4.907
Cyclopentane ,-2.0380000000000003,2,70.135,0,1,0,0.0,-2.64
o-Toluidine,-1.922,1,107.156,1,1,0,26.02,-2.21
Estragole,-3.074,1,148.205,0,1,3,9.23,-2.92
karbutilate,-2.655,1,279.34,2,1,2,70.67,-2.93
3-Methyl-1-Butene,-1.994,1,70.135,0,0,1,0.0,-2.73
2-Hydroxypyridine,-1.655,1,95.101,1,1,0,33.120000000000005,1.02
Ethane,-1.1320000000000001,1,30.07,0,0,0,0.0,-1.36
"1,2-Dichlorobenzene",-3.4819999999999998,1,147.00399999999996,0,1,0,0.0,-3.05
mercaptobenzothiazole,-3.411,1,167.25799999999998,1,2,0,12.89,-3.18
"2,2',3,3',4,4',5,5',6,6'-PCB",-9.589,1,498.66200000000026,0,2,1,0.0,-11.6
Methoxsalen,-3.25,1,216.19199999999995,0,3,1,52.58,-3.6639999999999997
Acetamide,0.494,1,59.068,1,0,0,43.09,1.58
1-Methylnaphthalene,-3.802,1,142.201,0,2,0,0.0,-3.7
Napropamide,-4.088,1,271.36,0,2,5,29.540000000000003,-3.57
"3,3-Dimethyl-2-butanol",-1.2919999999999998,1,102.17699999999999,1,0,0,20.23,-0.62
Methyl pentanoate,-1.545,1,116.15999999999998,0,0,3,26.3,-1.36
Menadione,-2.667,1,172.18299999999996,0,2,0,34.14,-3.03
Phenanthrene,-4.518,2,178.23399999999998,0,3,0,0.0,-5.26
"2,4-Dimethylpyridine",-2.0980000000000003,1,107.15599999999999,0,1,0,12.89,0.38
1-Nonanol,-2.46,1,144.258,1,0,7,20.23,-3.01
Dibromomethane,-1.883,1,173.83499999999998,0,0,0,0.0,-1.17
Dexamethasone,-3.4,1,392.4670000000002,3,4,2,94.83,-3.59
"2,6-Dimethylnaphthalene ",-4.147,1,156.228,0,2,0,0.0,-4.89
Butylate,-3.4530000000000003,1,217.378,0,0,5,20.310000000000002,-3.68
nitroglycerin,-2.029,1,227.08499999999998,0,0,8,157.11,-2.22
m-Nitroaniline,-1.936,1,138.126,1,1,1,69.16,-2.19
1-Chlorobutane,-1.94,1,92.56899999999999,0,0,2,0.0,-2.03
triforine,-3.715,1,430.9340000000001,2,1,6,64.68,-4.19
Fluridone,-4.249,1,329.32099999999997,0,3,2,22.0,-4.445
6-aminochrysene,-4.849,1,243.309,1,4,0,26.02,-6.2
Estrone,-3.872,1,270.372,1,4,0,37.3,-3.955
RTI 17,-4.227,1,269.373,0,3,1,19.37,-4.706
"1,2-Propylene oxide",-0.358,1,58.08,0,1,0,12.53,-0.59
Nitrazepam,-3.4730000000000003,1,281.271,1,3,2,84.6,-3.7960000000000003
"1,3-diethylthiourea",-1.028,1,132.232,2,0,2,24.06,-1.46
"2,3,5-Trichlorophenol",-3.78,1,197.44799999999998,1,1,0,20.23,-2.67
Propyl propanoate,-1.545,1,116.15999999999998,0,0,3,26.3,-1.34
Aniline ,-1.632,1,93.12899999999999,1,1,0,26.02,-0.41
"1,5-Dimethlnapthalene",-4.147,1,156.228,0,2,0,0.0,-4.678999999999999
hydrochlorothiazide,-1.72,1,297.745,3,2,1,118.35999999999999,-2.63
Acenapthylene,-3.682,2,152.19599999999994,0,3,0,0.0,-3.96
Ethyl butyrate,-2.254,1,144.21399999999997,0,0,5,26.3,-1.28
Atratone,-3.185,1,211.26899999999998,2,1,5,71.96000000000001,-2.084
Benzo(a)pyrene,-6.007000000000001,2,252.31599999999997,0,5,0,0.0,-8.699
Bromoethane,-1.5290000000000001,1,108.966,0,0,0,0.0,-1.09
3-Hexyne,-1.933,1,82.14599999999999,0,0,0,0.0,-1.99
Digitoxin,-6.114,1,764.9499999999999,5,8,7,182.82999999999998,-5.292999999999999
2-Methyl-1-Butene,-1.994,1,70.13499999999999,0,0,1,0.0,-2.73
8-quinolinol,-2.725,1,145.16099999999997,1,2,0,33.120000000000005,-2.42
"1,2,3,4-Tetrahydronapthalene",-3.447,2,132.20599999999996,0,2,0,0.0,-4.37
phenolphthalein,-4.59,1,318.32800000000003,2,4,2,66.76,-2.9
"1,3,5-Tribromobenzene",-5.27,1,314.802,0,1,0,0.0,-5.6
Ronnel,-5.247000000000001,1,321.549,0,1,4,27.69,-5.72
methylthiouracil,-0.547,1,142.18300000000002,2,1,0,48.65,-2.436
Eugenol,-2.675,1,164.204,1,1,3,29.46,-1.56
5-Allyl-5-isopropylbarbital,-1.706,1,210.23299999999998,2,1,3,75.27000000000001,-1.7080000000000002
Pyrene,-4.957,2,202.25599999999997,0,4,0,0.0,-6.176
"1,1-Diethoxyethane ",-0.899,1,118.176,0,0,4,18.46,-0.43
Clomazone,-3.077,1,239.702,0,2,2,29.54,-2.338
2-Butoxyethanol,-0.775,1,118.17599999999999,1,0,5,29.46,-0.42
Quintozene,-5.098,1,295.336,0,1,1,43.14,-5.82
Androsterone,-3.8819999999999997,1,290.447,1,4,0,37.3,-4.402
Flurochloridone,-4.749,1,312.118,0,2,2,20.310000000000002,-4.047
Quinoline,-2.6630000000000003,2,129.16199999999998,0,2,0,12.89,-1.3
methyl gallate,-1.913,1,184.147,3,1,1,86.99000000000001,-1.24
fluconazole,-2.418,1,306.276,1,3,5,81.64999999999999,-1.8
Chlorzoxazone,-2.679,1,169.567,1,2,0,46.0,-2.8310000000000004
"2,2',3,4,4',5',6-PCB",-7.898,1,395.3270000000001,0,2,1,0.0,-7.92
alloxan,0.436,1,142.07,2,1,0,92.34,-1.25
"1,3-Dichloropropane",-1.618,1,112.98700000000001,0,0,2,0.0,-1.62
m-Fluorobromobenzene,-3.467,1,175.0,0,1,0,0.0,-2.67
p-Chlorobromobenzene,-3.928,1,191.45499999999998,0,1,0,0.0,-3.63
"2,3-Dimethylbutane",-2.5839999999999996,1,86.178,0,0,1,0.0,-3.65
1-Butene,-1.655,1,56.108,0,0,1,0.0,-1.94
"2,2',3,4,5,5'-PCB",-7.343,1,360.88200000000006,0,2,1,0.0,-7.68
cytosine,0.051,1,111.104,2,1,0,71.77000000000001,-1.155
"1,1,2-Trichlorotrifluoroethane",-3.077,1,187.37500000000003,0,0,1,0.0,-3.04
Propionitrile,-0.26899999999999996,1,55.07999999999999,0,0,0,23.79,0.28
"O,P'-DDD",-6.007999999999999,1,320.04600000000005,0,2,3,0.0,-6.51
o-Nitroanisole,-2.346,1,153.13699999999997,0,1,2,52.37,-1.96
Prasterone,-3.5639999999999996,1,288.43100000000004,1,4,0,37.3,-4.12
Procymidone,-3.464,1,284.142,0,3,1,37.38,-4.8
Benzo[ghi]perylene,-6.446000000000001,2,276.338,0,6,0,0.0,-9.017999999999999
Dinoseb,-3.715,1,240.21499999999995,1,1,4,106.51000000000002,-3.38
meconin,-0.825,1,196.20199999999997,0,2,2,44.760000000000005,-1.899
Glycerol,0.688,1,92.09400000000001,3,0,2,60.69,1.12
Guaiacol,-1.9409999999999998,1,124.13899999999997,1,1,1,29.46,-1.96
chlorpyrifos,-4.9719999999999995,1,350.591,0,1,6,40.58,-5.67
9-Methylanthracene,-4.87,1,192.261,0,3,0,0.0,-5.89
Antipyrene,-1.733,1,188.23000000000002,0,2,1,26.93,0.715
Methyl butyl ether ,-1.072,1,88.14999999999999,0,0,3,9.23,-0.99
7-methylpteridine,-1.24,1,146.153,0,2,0,51.56,-0.8540000000000001
simazine,-2.8110000000000004,1,201.661,2,1,4,62.730000000000004,-4.55
"N,N-Dimethylacetamide",0.12300000000000001,1,87.12199999999999,0,0,0,20.310000000000002,1.11
Simetryn,-2.6889999999999996,1,213.31,0,1,3,45.150000000000006,-2.676
Ethylene,-0.815,1,28.053999999999995,0,0,0,0.0,-0.4
"3,3-Dimethyl-1-butanol",-1.365,1,102.17699999999999,1,0,1,20.23,-0.5
5-Allyl-5-ethylbarbital,-1.368,1,196.20599999999996,2,1,3,75.27000000000001,-1.614
"2,3,4-Trichlorophenol",-3.705,1,197.448,1,1,0,20.23,-2.67
Anisole,-2.3680000000000003,1,108.13999999999997,0,1,1,9.23,-1.85
chloropropylate,-5.093,1,339.21800000000013,1,2,4,46.53,-4.53
aldosterone,-3.0660000000000003,1,360.45000000000005,2,4,3,91.67000000000002,-3.85
Difenoxuron,-3.928,1,286.331,1,2,4,50.800000000000004,-4.16
4-Ethyltoluene,-3.3280000000000003,1,120.19499999999996,0,1,1,0.0,-3.11
Diisopropylsulfide,-2.162,1,118.24499999999999,0,0,2,0.0,-2.24
"1,3-Dinitrobenzene",-2.281,1,168.10799999999995,0,1,2,86.28,-2.29
Ethion,-5.471,1,384.4870000000002,0,0,12,36.92,-5.54
probarbital,-1.6030000000000002,1,198.22199999999998,2,1,2,75.27000000000001,-2.21
cortisone acetate,-3.426,1,402.48700000000025,1,4,3,97.74000000000001,-4.21
Metronidazole,-0.8590000000000001,1,171.15599999999998,1,1,3,81.19,-1.22
p-Chloroaniline,-2.392,1,127.574,1,1,0,26.02,-1.66
"2,2-Dimethylpentanol",-1.719,1,116.20399999999998,1,0,3,20.23,-1.52
Furane,-1.837,2,68.07499999999999,0,1,0,13.14,-0.82
Methoproptryne,-3.259,1,271.39,2,1,8,71.96000000000001,-2.928
Norea,-2.47,1,222.33199999999994,1,3,1,32.34,-3.1710000000000003
t-Butylbenzene ,-3.554,1,134.22199999999998,0,1,0,0.0,-3.66
kebuzone,-2.645,1,322.36400000000003,0,3,5,57.690000000000005,-3.27
prednisolone acetate,-3.5069999999999997,1,402.48700000000014,2,4,3,100.90000000000002,-4.37
Methyl propyl ether ,-0.718,1,74.12299999999999,0,0,2,9.23,-0.39
Isopropyl acetate,-1.1909999999999998,1,102.133,0,0,1,26.3,-0.55
Bromobenzene,-3.345,1,157.01,0,1,0,0.0,-2.55
Ethyl-p-hydroxybenzoate ,-2.761,1,166.176,1,1,2,46.53,-2.35
3-Butanoyloxymethylphenytoin,-3.469,1,352.39000000000004,1,3,6,75.71,-5.071000000000001
testosterone propionate,-4.87,1,344.4950000000001,0,4,2,43.370000000000005,-5.37
Coronene,-6.885,2,300.36000000000007,0,7,0,0.0,-9.332
allopurinol,-0.84,1,136.114,2,2,0,74.43,-2.266
Chloroethylene,-1.188,1,62.499,0,0,0,0.0,-1.75
diphenamid,-3.147,1,239.318,0,2,3,20.310000000000002,-2.98
Tetrabromomethane,-4.063,1,331.62699999999995,0,0,0,0.0,-3.14
RTI 22,-4.408,1,296.374,1,3,2,48.47,-4.871
phthalimide,-1.882,1,147.13299999999998,1,2,0,46.17,-2.61
Fenarimol,-4.1080000000000005,1,331.202,1,3,3,46.010000000000005,-4.38
Methyl benzoate ,-2.4619999999999997,1,136.14999999999998,0,1,1,26.3,-1.85
1-methyluracil,-0.375,1,126.115,1,1,0,54.86,-0.807
oxyphenbutazone,-3.739,1,324.38000000000005,1,3,5,60.85000000000001,-3.73
"2,2',3,5'-PCB",-6.155,1,291.9920000000001,0,2,1,0.0,-6.47
Quinethazone,-2.184,1,289.7440000000001,3,2,2,101.28999999999999,-3.29
Diuron,-3.301,1,233.09799999999998,1,1,1,32.34,-3.8
Cyclopentene ,-1.72,2,68.11900000000001,0,1,0,0.0,-2.1
alloxantin,0.919,1,286.156,6,2,1,191.0,-1.99
Nonane,-3.678,1,128.259,0,0,6,0.0,-5.88
2-Chlorophenol,-2.553,1,128.558,1,1,0,20.23,-1.06
5-Methylchrysene,-5.931,1,242.321,0,4,0,0.0,-6.59
Phenetole,-2.66,1,122.16699999999996,0,1,2,9.23,-2.33
ethyl cinnamate,-3.0980000000000003,1,176.215,0,1,3,26.3,-3.0
Terbacil,-3.033,1,216.66799999999998,1,1,0,54.86,-2.484
Clonazepam,-3.707,1,315.716,1,3,2,84.6,-3.4989999999999997
p-Toluenesulfonamide ,-1.815,1,171.22099999999998,1,1,1,60.16,-1.74
Chlorbufam,-3.6289999999999996,1,223.659,1,1,2,38.33,-2.617
2-Methylheptane,-3.3080000000000003,1,114.23199999999999,0,0,4,0.0,-5.08
Cyhalothrin,-6.905,1,449.8560000000001,0,3,6,59.32000000000001,-8.176
Apazone,-2.9,1,300.3620000000001,0,3,2,56.220000000000006,-3.5380000000000003
Diazepam,-4.05,1,284.74600000000004,0,3,1,32.67,-3.7539999999999996
2-Methyl-3-pentanol,-1.308,1,102.17699999999999,1,0,2,20.23,-0.7
fensulfothion,-3.283,1,308.36100000000005,0,1,7,44.760000000000005,-2.3
borneol,-2.423,1,154.253,1,2,0,20.23,-2.32
Testosterone,-3.659,1,288.431,1,4,0,37.3,-4.02
Heptane,-2.97,1,100.205,0,0,4,0.0,-4.53
1-Napthol,-3.08,1,144.17299999999997,1,2,0,20.23,-2.22
"cis-1,2-Dimethylcyclohexane",-3.305,1,112.216,0,1,0,0.0,-4.3
Trimazosin,-3.958,1,435.48100000000034,2,3,6,132.5,-3.638
Cholanthrene,-5.942,2,254.33199999999997,0,5,0,0.0,-7.85
Medrogestone,-4.593,1,340.5070000000001,0,4,1,34.14,-5.27
2-Heptanone,-1.554,1,114.18799999999999,0,0,4,17.07,-1.45
Acephate,-0.41600000000000004,1,183.16899999999998,1,0,3,55.4,0.54
DEF,-4.074,1,314.5220000000001,0,0,12,17.07,-5.14
phthalamide,-0.636,1,149.149,1,2,0,46.17,-2.932
Trichlomethiazide,-2.98,1,380.66200000000003,3,2,2,118.35999999999999,-2.68
2-Methy-2-Butene,-1.994,1,70.13499999999999,0,0,0,0.0,-2.56
"1,2,4-Trimethylbenzene",-3.343,1,120.195,0,1,0,0.0,-3.31
"2,4,5-Trichlorophenol ",-3.78,1,197.448,1,1,0,20.23,-2.21
phenanthridine,-3.713,2,179.22199999999998,0,3,0,12.89,-2.78
3-Methyl-3-hexanol,-1.663,1,116.20399999999998,1,0,3,20.23,-0.98
Octane,-3.324,1,114.232,0,0,5,0.0,-5.24
Anthracene,-4.518,2,178.23399999999995,0,3,0,0.0,-6.35
Phenylhydrazine,-1.8659999999999999,1,108.14399999999998,2,1,1,38.05,0.07
Propionaldehyde,-0.39399999999999996,1,58.08,0,0,1,17.07,0.58
Cyclooctane,-3.355,2,112.21600000000001,0,1,0,0.0,-4.15
"5,5-Diallylbarbital",-1.4709999999999999,1,208.21699999999996,2,1,4,75.27000000000001,-2.077
Trichloromethane,-1.8119999999999998,1,119.37800000000001,0,0,0,0.0,-1.17
thiouracil,-0.992,1,128.15599999999998,2,1,0,45.75,-2.273
Pencycuron,-5.126,1,328.84299999999996,1,3,4,32.34,-5.915
1-Methylcyclohexene ,-2.574,1,96.17300000000002,0,1,0,0.0,-3.27
2-Ethylhexanal,-2.2319999999999998,1,128.21499999999997,0,0,5,17.07,-2.13
Khellin,-3.603,1,260.24499999999995,0,3,2,61.81,-3.0210000000000004
5-Ethyl-5-(3-methylbutyl)barbital,-2.312,1,226.27599999999995,2,1,4,75.27000000000001,-2.658
Benzo(j)fluoranthene,-6.007000000000001,2,252.31599999999997,0,5,0,0.0,-8.0
2-Ethylbutanal,-1.5230000000000001,1,100.16099999999999,0,0,3,17.07,-1.52
Dipropyl ether,-1.426,1,102.17699999999999,0,0,4,9.23,-1.62
1-Tetradecanol,-4.231,1,214.39299999999994,1,0,12,20.23,-5.84
"2,3,6-Trichlorophenol",-3.572,1,197.44799999999998,1,1,0,20.23,-2.64
Urea,0.8320000000000001,1,60.056,2,0,0,69.11,0.96
1-Pentyne,-1.446,1,68.11899999999999,0,0,1,0.0,-1.64
"1,3-Dibromobenzene",-4.298,1,235.90599999999998,0,1,0,0.0,-3.54
1-Octadecanol,-5.649,1,270.50099999999986,1,0,16,20.23,-8.4
Acetanilide,-1.857,1,135.16599999999997,1,1,1,29.1,-1.33
hematein,-1.795,1,300.266,4,4,0,107.22000000000001,-2.7
Isonazid,-0.7170000000000001,1,137.14200000000002,2,1,1,68.01,0.009000000000000001
hydroxychlordene,-4.156000000000001,1,354.8749999999999,1,3,0,20.23,-5.46
Isopentyl formate,-1.449,1,116.15999999999998,0,0,4,26.3,-1.52
Acetophenone,-2.0780000000000003,1,120.15099999999995,0,1,1,17.07,-1.28
biquinoline,-4.9030000000000005,2,256.308,0,4,1,25.78,-5.4
Triethyl phosphate,-0.953,1,182.15599999999998,0,0,6,44.760000000000005,0.43
D-fenchone,-2.158,1,152.237,0,2,0,17.07,-1.85
7-methoxypteridine,-1.589,1,162.152,0,2,1,60.790000000000006,-0.91
Chlordene,-5.152,1,338.876,0,3,0,0.0,-5.64
2-Nitropropane,-0.743,1,89.094,0,0,1,43.14,-0.62
Carbazole,-3.8360000000000003,2,167.21099999999998,1,3,0,15.79,-5.27
Erythritol,0.675,1,122.11999999999999,4,0,3,80.92,0.7
Risocaine,-2.7089999999999996,1,179.21899999999997,1,1,3,52.32,-2.452
Azodrin,-0.9490000000000001,1,223.16499999999996,1,0,5,73.86,0.6509999999999999
Succinimide,0.282,1,99.089,1,1,0,46.17,0.3
"2,3-Dimethylpentane",-2.938,1,100.20499999999998,0,0,2,0.0,-4.28
bupirimate,-3.4930000000000003,1,316.4270000000001,1,1,8,84.42,-4.16
RTI 16,-3.411,1,270.361,0,3,1,32.260000000000005,-4.6339999999999995
RTI 9,-3.784,1,239.274,0,3,1,29.54,-3.68
Tetrahydropyran ,-0.978,2,86.134,0,1,0,9.23,-0.03
1-Heptyne,-2.155,1,96.17299999999999,0,0,3,0.0,-3.01
osthole,-4.0760000000000005,1,244.28999999999994,0,2,3,39.44,-4.314
3-Methylcholanthrene,-6.311,1,268.3589999999999,0,5,0,0.0,-7.92
Ethyl benzoate ,-2.775,1,150.177,0,1,2,26.3,-2.32
1-Chloro-2-methylpropane,-1.9240000000000002,1,92.569,0,0,1,0.0,-2.0
Ethinyl estradiol,-4.317,1,296.41,2,4,0,40.46,-4.3
methyl laurate,-4.025,1,214.34899999999996,0,0,10,26.3,-4.69
Di-n-propylsulfide,-2.307,1,118.24499999999999,0,0,4,0.0,-2.58
Napthacene,-5.568,2,228.29399999999998,0,4,0,0.0,-8.6
1-Bromopentane,-2.658,1,151.047,0,0,3,0.0,-3.08
trans-2-Heptene ,-2.784,1,98.18899999999998,0,0,3,0.0,-3.82
Metranidazole,-0.8590000000000001,1,171.15599999999998,1,1,3,81.19,-1.26
Pentylcyclopentane,-3.8689999999999998,1,140.26999999999998,0,1,4,0.0,-6.08
"2,2',3,5,5',6-PCB",-7.261,1,360.88200000000006,0,2,1,0.0,-7.42
5-Ethyl-5-isopropylbarbituric acid,-1.6030000000000002,1,198.22199999999998,2,1,2,75.27000000000001,-2.148
"1,1,1-Trichloroethane",-2.2319999999999998,1,133.405,0,0,0,0.0,-2.0
Monolinuron,-2.948,1,214.652,1,1,2,41.57,-2.57
Cyclohexyl-5-spirobarbituric acid,-1.405,1,196.206,2,2,0,75.27,-3.06
dimetan,-2.3040000000000003,1,211.26099999999994,0,1,1,46.61,-0.85
4-Bromotoluene,-3.667,1,171.03700000000003,0,1,0,0.0,-3.19
Diethyl ether ,-0.718,1,74.123,0,0,2,9.23,-0.09
Rovral,-4.004,1,330.17100000000005,1,2,2,69.72,-4.376
Benfluralin,-5.205,1,335.28200000000004,0,1,7,89.51999999999998,-5.53
"2,4,6-Trimethylphenol",-2.9410000000000003,1,136.194,1,1,0,20.23,-2.05
Benzene ,-2.418,2,78.11399999999999,0,1,0,0.0,-1.64
p-Chloroiodobenzene,-4.3839999999999995,1,238.45499999999998,0,1,0,0.0,-4.03
Metoxuron,-2.6830000000000003,1,228.67899999999997,1,1,2,41.57,-2.5639999999999996
propachlor,-3.0180000000000002,1,211.69200000000004,0,1,3,20.310000000000002,-2.48
Styrene,-2.85,1,104.15199999999997,0,1,1,0.0,-2.82
Dimethoxymethane,0.092,1,76.095,0,0,2,18.46,0.48
o-Xylene ,-3.0039999999999996,1,106.16799999999999,0,1,0,0.0,-2.8
Butan-2-ol,-0.616,1,74.12299999999999,1,0,1,20.23,0.47
"1,4-Benzenediol",-1.59,1,110.11199999999998,2,1,0,40.46,-0.17
estriol,-3.858,1,288.387,3,4,0,60.69,-4.955
Benzo(b)fluorene,-5.189,2,216.283,0,4,0,0.0,-8.04
hydantoin,0.603,1,100.077,2,1,0,58.2,-0.4
4-hexylresorcinol,-3.4930000000000003,1,194.27399999999992,2,1,5,40.46,-2.59
allicin,-2.045,1,162.27899999999997,0,0,5,17.07,-0.83
Coumaphos,-5.04,1,362.77100000000013,0,2,6,57.9,-5.382000000000001
"5,6-Dimethylchrysene",-6.265,1,256.348,0,4,0,0.0,-7.01
Betamethasone-17-valerate,-5.062,1,476.5850000000002,2,4,6,100.90000000000002,-4.71
uric acid,-0.541,1,168.112,4,2,0,114.36999999999998,-3.93
"2,3,4,6-Tetrachlorophenol",-4.203,1,231.89299999999997,1,1,0,20.23,-3.1
"1,3-Dichlorobenzene",-3.5580000000000003,1,147.004,0,1,0,0.0,-3.04
DDT,-6.638,1,354.491,0,2,2,0.0,-7.15
Isobutyl formate,-1.095,1,102.13299999999998,0,0,3,26.3,-1.01
thioanisole,-2.87,1,124.208,0,1,1,0.0,-2.39
RTI 13,-4.45,1,322.29,1,3,1,58.120000000000005,-4.207
Hexane ,-2.615,1,86.178,0,0,3,0.0,-3.84
methyl nicotinate,-1.621,1,137.138,0,1,1,39.19,-0.46
Bendroflumethiazide,-3.741,1,421.4220000000001,3,3,3,118.35999999999999,-3.59
"2,3,3',4,4',5-PCB",-7.425,1,360.88200000000006,0,2,1,0.0,-7.82
Vinclozolin,-4.377,1,286.11400000000003,0,2,2,46.61,-4.925
Cyanazine,-2.49,1,240.698,2,1,4,86.52,-3.15
Triphenylene,-5.568,2,228.29399999999998,0,4,0,0.0,-6.726
Dienestrol,-4.775,1,266.34,2,2,3,40.46,-4.95
Di(2-ethylhexyl)-phthalate,-7.117000000000001,1,390.5640000000003,0,1,14,52.60000000000001,-6.96
2-Ethyl pyridine,-2.051,1,107.15599999999998,0,1,1,12.89,0.51
Naled,-3.548,1,380.784,0,0,5,44.760000000000005,-2.28
Biphenyl,-4.079,2,154.21199999999996,0,2,1,0.0,-4.345
"2,2',4,4',6,6'-PCB",-7.178999999999999,1,360.88200000000006,0,2,1,0.0,-8.71
Altretamine,-2.492,1,210.285,0,1,3,48.39000000000001,-3.364
"2,4-Dimethyl-2-pentanol ",-1.6469999999999998,1,116.20399999999998,1,0,2,20.23,-0.92
Cycloheptyl-5-spirobarbituric acid,-1.844,1,210.23299999999998,2,2,0,75.27,-3.168
Fructose,0.47100000000000003,1,180.156,5,1,2,110.38000000000001,0.64
"3,5-Dimethylphenol",-2.6519999999999997,1,122.16699999999997,1,1,0,20.23,-1.4
Barban,-4.16,1,258.104,1,1,2,38.33,-4.37
p-Chloroacetanilide,-2.642,1,169.611,1,1,1,29.1,-2.843
"2,2',3,4,5,5',6-PCB",-7.898,1,395.3270000000001,0,2,1,0.0,-8.94
"2,2-Dimethylbutane",-2.5839999999999996,1,86.17799999999998,0,0,0,0.0,-3.55
N-Methylaniline ,-2.097,1,107.15599999999998,1,1,1,12.03,-1.28
"1,4-Pentadiene ",-1.758,1,68.119,0,0,2,0.0,-2.09
Hydrocortisone 21-acetate,-3.6919999999999997,1,404.5030000000002,2,4,3,100.90000000000002,-4.88
DNOC,-2.818,1,198.134,1,1,2,106.51000000000002,-1.456
Lorazepam,-3.75,1,321.163,2,3,1,61.690000000000005,-3.6039999999999996
3-Chlorophenol,-2.761,1,128.558,1,1,0,20.23,-0.7
m-Chlorobromobenzene,-3.928,1,191.45499999999998,0,1,0,0.0,-3.21
chlorothiazide,-1.7519999999999998,1,295.72900000000004,2,2,1,118.69,-3.05
5-Methyl-5-ethylbarbituric acid,-0.9109999999999999,1,170.16799999999998,2,1,1,75.27000000000001,-1.228
2-Phenoxyethanol,-1.761,1,138.16599999999997,1,1,3,29.46,-0.7
Diphenylmethane,-4.09,2,168.239,0,2,2,0.0,-4.08
3-Octanol,-2.033,1,130.23099999999997,1,0,5,20.23,-1.98
Flumetralin,-6.584,1,421.7340000000001,0,2,6,89.51999999999998,-6.78
Propazine,-3.3289999999999997,1,229.71500000000003,2,1,4,62.730000000000004,-4.43
2-Methylpentanol,-1.381,1,102.17699999999999,1,0,3,20.23,-1.11
2-Methyl-2-hexanol,-1.663,1,116.20399999999998,1,0,3,20.23,-1.08
Ethylbenzene,-2.988,1,106.16799999999996,0,1,1,0.0,-2.77
5-(3-Methyl-2-butenyl)-5-ethylbarbital,-2.126,1,224.25999999999996,2,1,3,75.27000000000001,-2.253
Heptachlor,-5.26,1,373.3209999999999,0,3,0,0.0,-6.317
butallylonal,-2.766,1,303.156,2,1,4,75.27000000000001,-2.647
Fenpropathrin,-6.15,1,349.43000000000006,0,3,5,59.32000000000001,-6.025
Methoprene,-4.795,1,310.47800000000007,0,0,10,35.53,-5.19
Ethyl propionate,-1.1909999999999998,1,102.133,0,0,2,26.3,-0.66
Prometryn,-3.693,1,241.364,2,1,5,62.730000000000004,-4.1
Buturon,-3.199,1,236.702,1,1,2,32.34,-3.9
"2,3-Dimethylnaphthalene",-4.1160000000000005,1,156.22799999999998,0,2,0,0.0,-4.72
"2,4',5-PCB",-5.7620000000000005,1,257.547,0,2,1,0.0,-6.25
"2,3',4,4',5-PCB",-7.343,1,360.88200000000006,0,2,1,0.0,-7.39
2-cyanoguanidine,0.361,1,84.082,2,0,0,88.19,-0.31
Chloropicrin,-1.8659999999999999,1,164.375,0,0,0,43.14,-2.0
"2,6-PCB",-4.984,1,223.102,0,2,1,0.0,-5.21
p-Methoxybenzaldehyde,-2.252,1,136.14999999999998,0,1,2,26.3,-1.49
4-Nitroacetanilide,-2.219,1,180.16299999999998,1,1,2,72.24000000000001,-2.6919999999999997
Ethyl heptanoate,-2.608,1,158.24099999999999,0,0,6,26.3,-2.74
p-Hydroxyacetanilide,-1.495,1,151.165,2,1,1,49.33,-1.03
indazole,-2.34,2,118.13899999999998,1,2,0,28.68,-2.16
triamcinolone acetonide,-3.928,1,434.50400000000025,2,5,2,93.06000000000002,-4.31
guanine,-0.67,1,151.129,3,2,0,100.44999999999999,-3.583
Methyl acetate,-0.41600000000000004,1,74.07900000000001,0,0,0,26.3,0.46
Stanolone,-3.8819999999999997,1,290.44699999999995,1,4,0,37.3,-4.743
1-Hexene-3-ol,-1.199,1,100.16099999999999,1,0,3,20.23,-0.59
norbormide,-4.238,1,511.5810000000002,2,7,5,92.18,-3.931
Dibutyl ether ,-2.135,1,130.231,0,0,6,9.23,-1.85
1-Dodecanol,-3.523,1,186.33899999999997,1,0,10,20.23,-4.8
RTI 6,-3.335,1,313.36100000000005,2,3,4,81.59000000000002,-3.36
2-Methyl-2-pentanol,-1.308,1,102.17699999999998,1,0,2,20.23,-0.49
Flucytosine,-0.132,1,129.09399999999997,2,1,0,71.77,-0.972
stadacaine,-5.127999999999999,1,293.40700000000004,0,1,9,38.77,-3.84
2-Methyl-2-heptanol,-2.017,1,130.231,1,0,4,20.23,-1.72
Hexamethylbenzene,-4.361000000000001,1,162.27599999999998,0,1,0,0.0,-5.23
Thymol,-3.1289999999999996,1,150.22099999999998,1,1,1,20.23,-2.22
Pteridine,-0.9059999999999999,2,132.12599999999998,0,2,0,51.56,0.02
Parathion,-3.949,1,291.26500000000004,0,1,7,70.83000000000001,-4.66
Methane,-0.636,0,16.043,0,0,0,0.0,-0.9
indoline,-2.195,2,119.16699999999999,1,2,0,12.03,-1.04
1-Nitronapthalene,-3.4139999999999997,1,173.171,0,2,1,43.14,-3.54
3-Methyl-2-pentanone,-1.266,1,100.16099999999999,0,0,2,17.07,-0.67
isoguanine,-1.74,1,151.129,3,2,0,100.71000000000001,-3.4010000000000002
bromadiolone,-7.877000000000001,1,527.4140000000002,2,5,6,70.67,-4.445
Nitromethane,-0.042,1,61.040000000000006,0,0,0,43.14,0.26
Triallate,-4.578,1,304.66999999999996,0,0,4,20.310000000000002,-4.88
"1,5-Hexadiene ",-2.112,1,82.14599999999999,0,0,3,0.0,-2.68
Indole,-2.654,2,117.15099999999997,1,2,0,15.79,-1.52
Androstenedione,-3.3930000000000002,1,286.415,0,4,0,34.14,-3.69
1-Hexene,-2.364,1,84.16199999999999,0,0,3,0.0,-3.23
Xipamide,-3.642,1,354.8150000000001,3,2,3,109.48999999999998,-3.79
Ethylcyclohexane,-3.245,1,112.21600000000001,0,1,1,0.0,-4.25
2-Nonanone,-2.263,1,142.242,0,0,6,17.07,-2.58
Mebendazole,-4.118,1,295.298,2,3,3,84.07999999999998,-3.88
Chloropham,-3.5439999999999996,1,213.66400000000002,1,1,2,38.33,-3.38
RTI 12,-3.446,1,288.73800000000006,0,3,1,49.330000000000005,-4.114
Carbaryl,-3.0869999999999997,1,201.225,1,2,1,38.33,-3.2239999999999998
Ethyne,-0.252,1,26.037999999999997,0,0,0,0.0,0.29
"3,5-Dimethylpyridine",-2.0980000000000003,1,107.15599999999998,0,1,0,12.89,0.38
"1,4-Cyclohexadiene",-1.8419999999999999,2,80.12999999999998,0,1,0,0.0,-2.06
Mecarbam,-3.738,1,329.3800000000001,0,0,8,65.07000000000001,-2.5180000000000002
1-Phenylethanol,-1.919,1,122.16699999999996,1,1,1,20.23,-0.92
"1,2-Dichloropropane",-1.794,1,112.98700000000001,0,0,1,0.0,-1.6
2-Ethyl-2-hexanal,-2.081,1,126.19899999999998,0,0,4,17.07,-2.46
Disulfoton,-3.975,1,274.413,0,0,9,18.46,-4.23
methyltestosterone acetate,-4.863,1,344.4950000000001,0,4,1,43.370000000000005,-5.284
"2,4,6-PCB",-5.604,1,257.547,0,2,1,0.0,-6.14
difluron,-4.692,1,310.687,2,2,2,58.2,-6.02
Triclosan,-5.645,1,289.54499999999996,1,2,2,29.46,-4.46
diisooctyl phthalate,-7.117000000000001,1,390.5640000000002,0,1,14,52.60000000000001,-6.6370000000000005
Corticosterone,-3.4539999999999997,1,346.46700000000016,2,4,2,74.6,-3.24
"1,3,5-Trimethylbenzene ",-3.375,1,120.19499999999998,0,1,0,0.0,-3.4
dioctyl phthalate,-7.148,1,390.56400000000036,0,1,16,52.60000000000001,-5.115
1-Pentadecanol,-4.586,1,228.41999999999993,1,0,13,20.23,-6.35
"2,2',6,6'-PCB",-5.915,1,291.99199999999996,0,2,1,0.0,-7.39
"5,5-Dimethylbarbituric acid",-0.556,1,156.141,2,1,0,75.27000000000001,-1.742
2-Iodopropane,-2.4859999999999998,1,169.993,0,0,0,0.0,-2.09
"1,2-Dinitrobenzene",-2.281,1,168.10799999999995,0,1,2,86.28,-3.1
3-Methyl-2-butanone,-0.912,1,86.13399999999999,0,0,1,17.07,-0.12
Hexadecane,-6.159,1,226.44799999999992,0,0,13,0.0,-8.4
"1,8-Cineole",-2.5789999999999997,1,154.253,0,3,0,9.23,-1.74
Tricyclazole,-2.8680000000000003,1,189.24300000000002,0,3,0,30.19,-2.07
2-Octanone,-1.909,1,128.21499999999997,0,0,5,17.07,-2.05
Methyl nonanoate,-2.9619999999999997,1,172.268,0,0,7,26.3,-3.38
"1,4-Difluorobenzene",-2.636,1,114.094,0,1,0,0.0,-1.97
Thalidomide,-1.944,1,258.233,1,3,1,83.55000000000001,-2.676
Trifluralin,-5.205,1,335.28200000000004,0,1,7,89.51999999999998,-5.68
Ethanol,0.02,1,46.069,1,0,0,20.23,1.1
Cyclopentyl-5-spirobarbituric acid,-0.966,1,182.179,2,2,0,75.27,-2.349
Carbetamide,-2.29,1,236.271,2,1,4,67.42999999999999,-1.83
phenothrin,-6.763,1,350.4580000000001,0,3,6,35.53,-5.24
Cycluron,-2.6289999999999996,1,198.30999999999992,1,1,1,32.34,-2.218
Mirex,-6.155,1,545.5460000000002,0,6,0,0.0,-6.8
1-Bromooctane,-3.721,1,193.128,0,0,6,0.0,-5.06
Benomyl,-2.9019999999999997,1,290.323,2,2,4,85.25,-4.883
aminopyrine,-2.129,1,231.299,0,2,2,30.17,-0.364
3-Pentanol,-0.97,1,88.15,1,0,2,20.23,-0.24
p-Nitrotoluene,-2.64,1,137.138,0,1,1,43.14,-2.49
4-Methylpentanol,-1.381,1,102.17699999999999,1,0,3,20.23,-1.14
Norethisterone,-2.6689999999999996,1,314.42500000000007,2,4,0,57.53,-4.57
bromopropylate,-5.832999999999999,1,428.12000000000006,1,2,4,46.53,-4.93
Pyrazon,-2.603,1,221.647,1,2,1,60.91,-2.878
2-Methylbutan-2-ol,-0.9540000000000001,1,88.14999999999998,1,0,1,20.23,0.15
p-Cresol,-2.313,1,108.13999999999999,1,1,0,20.23,-0.73
Ethyl formate,-0.402,1,74.07900000000001,0,0,2,26.3,0.15
"N,N-Dimethylaniline",-2.542,1,121.18299999999995,0,1,1,3.24,-1.92
Decalin,-3.715,2,138.254,0,2,0,0.0,-5.19
Butanethiol ,-1.676,1,90.19099999999999,1,0,2,0.0,-2.18
Benzo(e)pyrene,-6.007000000000001,2,252.31599999999997,0,5,0,0.0,-7.8
Tetrachloroethylene,-3.063,1,165.834,0,0,0,0.0,-2.54
3-Pentanone,-0.912,1,86.134,0,0,2,17.07,-0.28
Acrylonitrile,-0.354,1,53.06399999999999,0,0,0,23.79,0.15
Flumethasone,-3.5389999999999997,1,410.4570000000002,3,4,2,94.83,-5.6129999999999995
2-Hexanone,-1.2,1,100.16099999999999,0,0,3,17.07,-0.8
Terbumeton,-3.505,1,225.296,2,1,4,71.96000000000001,-3.239
3-Methylheptane,-3.3080000000000003,1,114.23199999999999,0,0,4,0.0,-5.16
"1,2-Dibromoethane",-2.102,1,187.862,0,0,1,0.0,-1.68
Isoprocarb,-2.734,1,193.24599999999998,1,1,2,38.33,-2.863
Niridazole,-1.9480000000000002,1,214.20600000000002,1,2,2,88.37,-3.22
Benzo(a)fluorene,-5.189,2,216.283,0,4,0,0.0,-6.68
2-Chloroanisole,-2.912,1,142.58499999999998,0,1,1,9.23,-2.46
Bromophos,-5.604,1,366.0,0,1,4,27.69,-6.09
Quinonamid,-3.988,1,332.57000000000005,1,2,3,63.24,-5.03
"P,P'-DDD",-6.007999999999999,1,320.04600000000005,0,2,3,0.0,-7.2
Methyl acrylate,-0.878,1,86.09,0,0,1,26.3,-0.22
Chloroxuron,-4.477,1,290.75,1,2,3,41.57000000000001,-4.89
Azobenzene,-4.034,2,182.226,0,2,2,24.72,-4.45
4-Isopropyltoluene,-3.617,1,134.22199999999998,0,1,1,0.0,-3.77
"2,6-Dichlorophenol",-3.012,1,163.003,1,1,0,20.23,-1.79
Sucrose,0.31,1,342.297,8,2,5,189.52999999999997,0.79
d-inositol,-0.887,1,180.156,6,1,0,121.38000000000001,0.35
Dyphylline,-0.847,1,254.24599999999995,2,2,3,102.28,-0.17
Chloramphenicol,-2.613,1,323.13200000000006,3,1,6,112.70000000000002,-2.1109999999999998
3-Ethyl-3-pentanol,-1.663,1,116.204,1,0,3,20.23,-0.85
Epitostanol,-4.545,1,306.51500000000004,1,5,0,20.23,-5.41
"1,2-Dibromobenzene",-4.172,1,235.90599999999998,0,1,0,0.0,-3.5
"2,4,6-Trichlorophenol",-3.648,1,197.44799999999998,1,1,0,20.23,-2.34
oryzalin,-3.784,1,346.3650000000001,1,1,8,149.67999999999998,-5.16
RTI 20,-3.6630000000000003,1,255.29199999999997,0,3,2,20.310000000000002,-4.7989999999999995
"2,4-Dimethyl-3-pentanone",-1.7519999999999998,1,114.18799999999997,0,0,2,17.07,-1.3
5-(3-Methyl-2-butenyl)-5-isoPrbarbital,-2.465,1,238.28699999999998,2,1,3,75.27000000000001,-2.593
gentisin,-1.2919999999999998,1,262.261,2,3,1,75.99000000000001,-2.943
Caffeine,-1.4980000000000002,1,194.19399999999996,0,2,0,61.82,-0.8759999999999999
Spironolactone,-3.842,1,416.58300000000025,0,5,1,60.44,-4.173
"3,4-Dimethylphenol",-2.6210000000000004,1,122.16699999999999,1,1,0,20.23,-1.38
Diphenyl ether ,-4.254,2,170.211,0,2,2,9.23,-3.96
"2,2',4,4',5,5'-PCB",-7.343,1,360.88200000000006,0,2,1,0.0,-8.56
nicotinamide,-0.9640000000000001,1,122.12699999999997,1,1,1,55.980000000000004,0.61
Thiophenol ,-2.758,1,110.18099999999997,1,1,0,0.0,-2.12
XMC,-2.688,1,179.219,1,1,1,38.33,-2.5810000000000004
Chlordane,-6.039,1,409.7819999999999,0,3,0,0.0,-6.86
Dimethyldisulfide,-1.524,1,94.20400000000001,0,0,1,0.0,-1.44
Benzamide,-1.501,1,121.13899999999995,1,1,1,43.09,-0.96
o-Chlorobromobenzene,-3.84,1,191.45499999999998,0,1,0,0.0,-3.19
Monotropitoside,-1.493,1,446.40500000000003,6,3,6,184.6,-0.742
3-Heptanol ,-1.6780000000000002,1,116.20399999999998,1,0,4,20.23,-1.47
RTI 15,-3.891,1,268.32,1,3,1,58.120000000000005,-4.553999999999999
"3,5-Dichlorophenol",-3.428,1,163.003,1,1,0,20.23,-1.34
1-Methylphenanthrene,-4.87,1,192.261,0,3,0,0.0,-5.85
2-Ethyl-1-hexanol,-2.089,1,130.231,1,0,5,20.23,-2.11
Diallate,-3.827,1,270.225,0,0,4,20.310000000000002,-4.2860000000000005
Toluene ,-2.713,1,92.14099999999999,0,1,0,0.0,-2.21
Nitrapyrin,-3.833,1,230.909,0,1,0,12.89,-3.76
Cycloheptene,-2.5989999999999998,2,96.173,0,1,0,0.0,-3.18
Thiram,-2.444,1,240.44400000000002,0,0,0,6.48,-3.9
Griseofulvin,-3.3280000000000003,1,352.7700000000001,0,3,3,71.06,-3.2460000000000004
1-Decanol,-2.8139999999999996,1,158.285,1,0,8,20.23,-3.63
"3,3-Dimethylpentane",-2.938,1,100.20499999999998,0,0,2,0.0,-4.23
vamidothion,-1.446,1,287.34299999999996,1,0,8,64.63000000000001,1.1440000000000001
"2,3,4,5-Tetrachlorophenol",-4.335,1,231.893,1,1,0,20.23,-3.15
Butyraldehyde,-0.7490000000000001,1,72.107,0,0,2,17.07,-0.01
dexamethasone acetate,-3.9330000000000003,1,434.5040000000003,2,4,3,100.9,-4.9
Butane,-1.9069999999999998,1,58.123999999999995,0,0,1,0.0,-2.57
o-Methoxyphenol,-1.9409999999999998,1,124.13899999999997,1,1,1,29.46,-1.96
Fluoromethalone,-3.5069999999999997,1,376.46800000000013,2,4,1,74.6,-4.099
Pentachloroethane,-3.3819999999999997,1,202.29500000000002,0,0,0,0.0,-2.6
Diethyl phthalate ,-3.016,1,222.23999999999995,0,1,4,52.60000000000001,-2.35
2-Methylpropan-1-ol,-0.672,1,74.12299999999999,1,0,1,20.23,0.1
Isobutylbenzene,-3.57,1,134.22199999999998,0,1,2,0.0,-4.12
Diiodomethane,-2.958,1,267.835,0,0,0,0.0,-2.34
4-Heptanol,-1.6780000000000002,1,116.204,1,0,4,20.23,-1.4
Pentyl acetate,-1.8330000000000002,1,130.18699999999998,0,0,4,26.3,-1.89
"2,3,5,6-Tetrachlorophenol",-4.203,1,231.893,1,1,0,20.23,-3.37
Propylbenzene ,-3.281,1,120.19499999999995,0,1,2,0.0,-3.37
"1,2-Dichlorotetrafluoroethane",-2.697,1,170.92000000000002,0,0,1,0.0,-2.74
2-butenal,-0.604,1,70.09100000000001,0,0,1,17.07,0.32
tetramethylurea,-0.495,1,116.16399999999999,0,0,0,23.550000000000004,0.94
"1,2,4,5-Tetramethylbenzene",-3.6639999999999997,1,134.22199999999998,0,1,0,0.0,-4.59
norethindrone acetate,-4.2410000000000005,1,340.4630000000001,0,4,1,43.370000000000005,-4.8
Ditalimfos,-3.992,1,299.28800000000007,0,2,5,55.84,-3.35
salicylanilide,-3.782,1,213.23600000000002,2,2,2,49.33,-3.59
Sulfallate,-3.2539999999999996,1,223.79399999999998,0,0,4,3.24,-3.39
Chloroethane,-1.165,1,64.515,0,0,0,0.0,-1.06
Mefluidide,-3.165,1,310.297,2,1,3,75.27000000000001,-3.24
Piperine,-3.659,1,285.343,0,3,3,38.77,-3.46
cis-2-Pentene,-2.076,1,70.135,0,0,1,0.0,-2.54
thiofanox,-2.7,1,218.32199999999997,1,0,3,50.69,-1.62
Cyclooctyl-5-spirobarbituric acid,-2.2840000000000003,1,224.25999999999996,2,2,0,75.27,-2.9819999999999998
butacarb,-4.6419999999999995,1,263.381,1,1,1,38.33,-4.24
Eriodictyol,-3.1519999999999997,1,288.255,4,3,1,107.22000000000001,-3.62
Benzophenone,-3.612,1,182.222,0,2,2,17.07,-3.12
Eicosane,-7.5760000000000005,1,282.5559999999999,0,0,17,0.0,-8.172
hydrazobenzene,-3.492,2,184.242,2,2,3,24.06,-2.92
2-Ethyl-1-butanol,-1.381,1,102.17699999999999,1,0,3,20.23,-1.17
4-hydroxypyridine,-1.655,1,95.10099999999998,1,1,0,33.120000000000005,1.02
"cis 1,2-Dichloroethylene",-1.561,1,96.94400000000002,0,0,0,0.0,-1.3
Methylcyclopentane,-2.452,1,84.162,0,1,0,0.0,-3.3
4-Methyl-2-pentanol,-1.308,1,102.17699999999998,1,0,2,20.23,-0.8
RTI 11,-3.125,1,254.28900000000002,1,3,0,55.56,-3.928
"2,2-Dimethylpropanol",-1.011,1,88.14999999999999,1,0,0,20.23,-0.4
Triadimefon,-4.132,1,293.754,0,2,4,57.010000000000005,-3.61
Isocarboxazid,-2.251,1,231.25500000000002,2,2,4,67.16,-2.461
Propylene,-1.235,1,42.080999999999996,0,0,0,0.0,-1.08
Dichlorophen,-4.9239999999999995,1,269.127,2,2,2,40.46,-3.9530000000000003
Desmedipham,-4.1819999999999995,1,300.314,2,2,4,76.66,-4.632
Anthraquinone,-3.34,1,208.21599999999998,0,3,0,34.14,-5.19
2-Octanol,-2.033,1,130.231,1,0,5,20.23,-2.09
Oxycarboxin,-2.169,1,267.306,1,2,2,72.47,-2.281
Butylbenzene,-3.585,1,134.22199999999998,0,1,3,0.0,-4.06
parabanic acid,1.091,1,114.05999999999999,2,1,0,75.27,-0.4
Abate,-6.678,1,466.47900000000016,0,2,10,55.38000000000001,-6.237
Chlorthalidone,-2.5639999999999996,1,338.7720000000001,3,3,2,109.49000000000001,-3.451
Isobutyl acetate,-1.463,1,116.15999999999998,0,0,2,26.3,-1.21
"2,2,3-Trimethylbutane",-2.9219999999999997,1,100.20499999999998,0,0,0,0.0,-4.36
"2,3,3',4,4'6-PCB",-7.746,1,395.3270000000001,0,2,1,0.0,-7.66
Phthalonitrile,-1.7169999999999999,1,128.13399999999996,0,1,0,47.58,-2.38
m-Nitrotoluene,-2.64,1,137.138,0,1,1,43.14,-2.44
halothane,-2.608,1,197.381,0,0,0,0.0,-1.71
Oxamyl,-0.9079999999999999,1,219.266,1,0,1,70.99999999999999,0.106
Thiometon,-3.323,1,246.35899999999998,0,0,7,18.46,-3.091
2-Methylbutane,-2.245,1,72.151,0,0,1,0.0,-3.18
Stirofos,-4.32,1,365.96400000000006,0,1,5,44.760000000000005,-4.522
